Lead_ID,Industry,Lead_Source,Annual_Revenue,Employee_Count,Country,Website_Visits,Email_Opens,Demo_Requested,Product_Interest_Level,Conversion_Rate
L0001,Real Estate,LinkedIn,964699,158,UAE,9,2,No,Medium,17.32637284424075
L0002,Retail,Conference,299474,297,UAE,17,12,No,Low,33.050153329596874
L0003,Travel,Referral,753724,234,Australia,11,1,No,Low,7.021438077763811
L0004,Finance,Website,962935,473,Canada,32,15,No,Medium,42.78574217354497
L0005,Real Estate,Referral,310116,314,Germany,10,5,Yes,Low,39.01948397876574
L0006,Automotive,Referral,921310,492,Germany,22,7,No,Low,31.56654611532257
L0007,Education,Referral,893488,363,USA,17,7,No,High,42.77112888968712
L0008,Real Estate,Referral,994994,409,USA,4,5,Yes,Medium,32.59590784517016
L0009,Travel,Cold Call,570985,206,Germany,48,13,No,High,68.15982374113213
L0010,Finance,Cold Call,69975,42,India,47,2,No,High,40.84166614066833
L0011,Retail,Conference,207795,434,Germany,25,9,Yes,High,76.36515430303999
L0012,Travel,Email,466495,264,Australia,21,2,No,Low,14.58476468339453
L0013,Travel,LinkedIn,259373,192,Germany,37,11,No,Low,50.29850032442086
L0014,Education,Referral,979065,61,UK,38,16,No,High,73.25781223560655
L0015,Manufacturing,Conference,247133,433,Singapore,49,4,No,High,51.8128377110039
L0016,Finance,Email,924829,24,UK,1,19,No,High,44.948320141620464
L0017,Healthcare,LinkedIn,754513,277,UK,25,8,No,Low,33.6895524782797
L0018,Travel,Ad Campaign,345286,123,India,36,19,Yes,High,87.81919614061526
L0019,Manufacturing,Website,863348,75,India,17,6,No,High,40.39427068662347
L0020,Healthcare,Cold Call,638612,8,UAE,41,3,Yes,Medium,59.42474496755509
L0021,Finance,Ad Campaign,226037,225,Germany,24,12,Yes,Medium,56.73545389974487
L0022,Technology,LinkedIn,438076,18,UK,2,12,Yes,Low,33.0195181213487
L0023,Automotive,Ad Campaign,710008,7,India,40,9,Yes,Medium,71.8337434766298
L0024,Manufacturing,Website,740493,220,USA,15,17,No,Medium,45.21799000089252
L0025,Media,Conference,670347,233,Germany,32,16,No,Medium,54.08954554486006
L0026,Technology,LinkedIn,672605,340,Australia,39,19,No,Low,61.35687021587709
L0027,Automotive,Ad Campaign,775495,190,Singapore,6,19,Yes,Medium,71.54068077091733
L0028,Education,Cold Call,347190,59,Canada,1,12,No,Low,22.19688971220277
L0029,Real Estate,Cold Call,490280,392,Germany,47,16,No,High,72.33567456426915
L0030,Retail,Email,151459,380,Canada,23,3,No,Medium,33.3191899238938
L0031,Media,Ad Campaign,811985,258,UK,39,0,Yes,Low,41.092873171910284
L0032,Education,Referral,250422,28,Singapore,17,0,Yes,Medium,43.523928539044604
L0033,Finance,Ad Campaign,882325,166,Canada,34,14,No,High,65.68101954761775
L0034,Education,Conference,151520,162,UK,41,12,Yes,Low,71.45056027946731
L0035,Real Estate,LinkedIn,962250,86,USA,29,16,Yes,Low,57.33449642304083
L0036,Finance,LinkedIn,635560,407,Canada,9,7,No,Low,16.756059311535317
L0037,Media,Conference,797512,163,Singapore,13,17,Yes,High,70.40997267250995
L0038,Real Estate,Ad Campaign,566123,192,UAE,6,12,Yes,High,63.1202725808538
L0039,Healthcare,Conference,379793,64,Germany,6,13,No,High,46.60350807606871
L0040,Retail,Website,376818,407,UK,20,7,Yes,Low,54.78108157536095
L0041,Media,Conference,194832,309,Germany,3,7,Yes,High,50.41453887098455
L0042,Healthcare,Cold Call,202999,323,Singapore,17,14,Yes,Medium,62.02556393165479
L0043,Automotive,Conference,398619,370,India,49,12,Yes,High,94.69572851544636
L0044,Media,LinkedIn,111367,215,UK,12,6,Yes,Low,42.30350767868804
L0045,Automotive,Cold Call,803315,410,Canada,48,4,Yes,Medium,74.0418021316649
L0046,Finance,LinkedIn,455804,156,UK,47,16,Yes,High,95.48230811386765
L0047,Healthcare,Email,958182,113,Germany,45,15,Yes,Medium,77.44964784091269
L0048,Retail,Referral,807038,80,USA,1,1,No,Medium,7.525550492491203
L0049,Real Estate,LinkedIn,285806,34,UK,17,17,No,Low,33.49270728316937
L0050,Travel,Cold Call,954586,318,Canada,3,16,No,Medium,42.410151762406755
L0051,Education,Email,757593,490,India,26,6,No,Medium,43.335035672900126
L0052,Technology,LinkedIn,94738,121,UAE,15,12,Yes,Low,61.37785259737229
L0053,Retail,Website,607685,419,Australia,36,17,No,Low,57.09844825130471
L0054,Healthcare,Conference,394333,360,USA,32,13,No,Low,49.93234541184249
L0055,Travel,Referral,388511,196,UAE,32,17,Yes,Medium,75.53386033458335
L0056,Retail,LinkedIn,252332,23,India,4,12,Yes,Medium,47.61426892917008
L0057,Healthcare,Email,432729,436,UK,18,10,Yes,Medium,63.0602785095636
L0058,Manufacturing,Website,913051,177,Germany,49,15,Yes,Low,79.77261428751278
L0059,Manufacturing,Ad Campaign,161453,232,Singapore,19,16,Yes,High,77.4330328276658
L0060,Automotive,Email,69816,354,Germany,43,7,No,Medium,51.316019594357215
L0061,Retail,Conference,973780,187,UAE,35,18,Yes,High,91.4655514724414
L0062,Manufacturing,Email,819299,117,Canada,40,19,No,Low,64.90888021763516
L0063,Healthcare,Website,915962,187,Germany,14,14,No,Medium,49.15161965340809
L0064,Automotive,Email,466715,485,USA,33,8,Yes,High,75.55676234172321
L0065,Healthcare,Website,421000,150,Germany,14,19,No,Medium,54.80044293424321
L0066,Automotive,LinkedIn,263567,323,Canada,34,9,No,Medium,49.59716560852559
L0067,Retail,Website,564933,120,Australia,4,11,Yes,Medium,49.51155198429522
L0068,Travel,Website,645923,117,UK,24,19,No,High,68.4767009255861
L0069,Real Estate,Referral,944235,255,Singapore,29,0,No,Low,14.782626696520017
L0070,Media,Website,266184,480,UAE,19,19,No,Medium,58.902110822703904
L0071,Travel,Website,348090,255,UK,6,8,Yes,Low,34.332433636293345
L0072,Finance,Ad Campaign,367348,307,Germany,33,14,Yes,Low,67.73836122452146
L0073,Healthcare,LinkedIn,232958,463,India,49,0,Yes,High,65.77423020786921
L0074,Finance,Conference,327707,317,UK,40,11,No,High,64.62516188637106
L0075,Travel,Referral,142324,122,Australia,19,2,Yes,Low,38.62092166842705
L0076,Automotive,Ad Campaign,273536,305,Germany,1,10,No,Medium,20.42793879135305
L0077,Media,Cold Call,807232,165,Singapore,5,1,Yes,High,46.74367001330937
L0078,Media,LinkedIn,321991,405,Canada,27,15,No,Medium,49.32521888705019
L0079,Technology,LinkedIn,76155,202,Australia,16,8,Yes,Medium,58.833230918782206
L0080,Media,Cold Call,391815,264,Germany,6,14,Yes,Medium,57.78536098932187
L0081,Real Estate,Conference,691179,152,Australia,40,11,No,Low,47.83532189793912
L0082,Media,Website,919742,244,UK,13,0,Yes,Medium,35.17133889839332
L0083,Travel,Ad Campaign,510494,51,Singapore,48,12,No,Low,49.388462365956634
L0084,Technology,Email,199381,479,Canada,35,13,Yes,Low,63.66169403753969
L0085,Travel,Referral,181691,403,Germany,19,7,Yes,Medium,58.96879704138463
L0086,Travel,Email,526410,202,USA,12,7,No,Medium,38.78645579348502
L0087,Education,Cold Call,493324,51,UAE,16,11,No,Medium,35.13848066126414
L0088,Technology,LinkedIn,84707,82,Canada,43,0,No,Medium,43.710771335533295
L0089,Travel,Conference,987841,128,USA,10,10,Yes,Low,35.063535575173844
L0090,Education,LinkedIn,568477,79,Australia,25,7,No,Medium,32.387807022465516
L0091,Education,Referral,917969,363,India,20,9,Yes,Medium,53.66153199403927
L0092,Technology,LinkedIn,771864,141,Canada,31,18,No,Low,44.63810102111003
L0093,Finance,LinkedIn,752974,94,Australia,4,10,No,High,30.320511327109358
L0094,Automotive,Referral,796788,404,USA,44,6,No,High,58.477454281419384
L0095,Real Estate,Ad Campaign,403299,329,UK,23,10,No,Low,32.80076784863244
L0096,Automotive,Ad Campaign,836713,65,UK,2,16,No,High,48.38467467868076
L0097,Media,Referral,208492,142,India,22,0,No,Low,20.921751185709606
L0098,Real Estate,Conference,524112,54,UAE,37,7,Yes,Medium,67.03377776929983
L0099,Media,Cold Call,220102,263,Canada,8,5,No,Medium,28.0815119065306
L0100,Travel,LinkedIn,444274,465,Canada,7,17,Yes,High,70.78015811766083
L0101,Healthcare,Conference,267285,111,Canada,14,5,No,Medium,22.53119847200511
L0102,Technology,LinkedIn,388404,117,UAE,3,4,No,High,33.441595071665745
L0103,Real Estate,Cold Call,209476,354,Australia,16,12,No,High,45.797726124493934
L0104,Real Estate,Ad Campaign,808842,258,Singapore,19,18,Yes,Medium,67.3757241989913
L0105,Travel,Conference,210928,122,Singapore,18,7,Yes,Medium,53.18345036319068
L0106,Finance,Website,714560,497,India,16,8,No,High,37.8634427182328
L0107,Education,Website,900610,202,Canada,8,16,Yes,Medium,60.07396516846315
L0108,Travel,Website,346141,341,Australia,33,2,No,Low,29.082245977312496
L0109,Manufacturing,Ad Campaign,993115,369,UK,49,18,No,Medium,72.16276132780958
L0110,Education,Ad Campaign,693561,55,USA,12,10,Yes,Medium,50.64726212759258
L0111,Technology,Cold Call,746595,249,Australia,11,16,Yes,Low,53.55932490754414
L0112,Education,LinkedIn,298500,407,UAE,5,18,Yes,Medium,68.85394214522609
L0113,Finance,Cold Call,740417,430,Singapore,27,1,Yes,Medium,52.59156020198871
L0114,Education,Cold Call,182311,39,Singapore,12,7,No,High,48.77489555120028
L0115,Technology,Ad Campaign,809034,306,UK,17,18,Yes,Medium,76.72985676559271
L0116,Finance,Website,295546,414,UK,6,6,Yes,Medium,50.86861894108112
L0117,Automotive,Email,246733,73,UAE,33,16,No,Low,42.52789677511088
L0118,Real Estate,LinkedIn,701233,353,USA,5,5,Yes,High,54.77526309006829
L0119,Real Estate,Ad Campaign,619560,324,UK,28,18,Yes,High,85.29837576595153
L0120,Media,Website,925825,425,India,14,5,Yes,High,53.71125639584258
L0121,Automotive,Conference,897644,472,USA,5,1,Yes,Medium,37.480248560879616
L0122,Automotive,Email,196470,53,UK,33,5,No,High,52.824876147815736
L0123,Education,Email,694318,409,Germany,48,4,No,Low,42.20770253074608
L0124,Real Estate,Ad Campaign,368647,78,Australia,41,18,Yes,High,89.13072444119518
L0125,Technology,Referral,974142,196,UK,19,19,Yes,Low,69.34494762918759
L0126,Retail,LinkedIn,56570,265,India,22,3,No,High,35.01829214998538
L0127,Retail,Email,380929,360,Canada,5,16,Yes,High,69.40779797935419
L0128,Finance,Ad Campaign,583398,74,UK,2,10,Yes,Low,39.49721314274322
L0129,Real Estate,Ad Campaign,549115,94,Singapore,30,3,Yes,High,62.00985778536054
L0130,Real Estate,Website,129141,264,Singapore,47,12,Yes,High,91.5540935003368
L0131,Retail,Conference,62115,130,Singapore,39,19,Yes,High,88.67658242132867
L0132,Real Estate,Referral,89062,235,Canada,4,16,Yes,Medium,69.43811285795825
L0133,Education,LinkedIn,859343,299,Singapore,33,8,Yes,Low,47.730230233548994
L0134,Manufacturing,Cold Call,678349,423,Germany,13,3,Yes,High,49.70768736245826
L0135,Healthcare,Conference,344700,133,UK,20,13,Yes,Low,58.62227319836607
L0136,Automotive,Conference,440479,284,UAE,7,18,No,Low,39.62833774946978
L0137,Media,Website,576257,317,Singapore,15,2,No,Low,15.839189603371336
L0138,Finance,Email,880185,104,USA,23,13,No,High,54.320994927527195
L0139,Manufacturing,Email,447686,330,UAE,14,7,Yes,High,61.676810577014024
L0140,Retail,Website,171863,301,Canada,23,0,Yes,Low,36.92628526577282
L0141,Automotive,Ad Campaign,846657,186,Germany,19,9,No,Medium,44.80908566668849
L0142,Real Estate,Email,551076,178,USA,29,17,Yes,Low,72.79395287513222
L0143,Media,Referral,697296,320,USA,20,15,No,Medium,52.293230240527635
L0144,Real Estate,LinkedIn,550726,368,USA,29,7,Yes,Low,47.97695000291161
L0145,Technology,Conference,728556,192,USA,24,0,No,Low,18.296935428991894
L0146,Technology,Conference,680111,61,UAE,18,11,No,Low,30.886499472293366
L0147,Media,Referral,850101,35,UAE,10,7,No,High,32.14707368009188
L0148,Media,Email,960830,88,UK,41,15,Yes,Medium,82.58707226237115
L0149,Retail,Conference,684965,156,Singapore,8,17,No,Medium,41.05183565793228
L0150,Media,Cold Call,821246,477,Australia,26,3,Yes,Low,47.93222860145312
L0151,Education,LinkedIn,98320,40,UK,29,5,Yes,High,60.29888106844993
L0152,Real Estate,LinkedIn,546758,217,UK,10,11,Yes,High,72.08607309643251
L0153,Manufacturing,Conference,196649,418,Germany,17,8,Yes,Medium,50.558078919714234
L0154,Travel,Website,175354,412,Germany,2,14,Yes,High,64.42626463981527
L0155,Media,Conference,662297,368,Singapore,6,15,Yes,Medium,63.316976466011226
L0156,Finance,Website,831725,110,Australia,5,11,Yes,Medium,49.57644339142693
L0157,Technology,Conference,498625,418,Germany,28,13,No,Medium,53.93151614949558
L0158,Education,Cold Call,78625,346,Singapore,41,12,No,High,57.90349124837709
L0159,Automotive,Ad Campaign,786400,224,Singapore,5,1,No,Medium,23.900760354129773
L0160,Travel,LinkedIn,336233,395,UAE,18,2,Yes,Medium,46.2490492249362
L0161,Manufacturing,Conference,86487,167,India,26,9,Yes,Low,51.146836622883846
L0162,Travel,Cold Call,509054,443,UAE,20,8,Yes,Medium,55.38056804441492
L0163,Media,Website,278071,224,Australia,41,19,Yes,Medium,91.14663716329014
L0164,Retail,Website,946880,274,Germany,49,7,No,Low,42.13035511969518
L0165,Technology,LinkedIn,538011,124,Australia,27,9,Yes,Low,50.994350113573546
L0166,Technology,Referral,362282,398,UK,49,18,No,High,77.31336964366025
L0167,Automotive,Conference,223895,340,UK,12,2,Yes,Medium,36.620022948502466
L0168,Retail,Email,480424,404,Australia,7,4,No,High,39.70422329910757
L0169,Real Estate,Website,366205,186,India,3,2,Yes,High,42.16265647464604
L0170,Healthcare,Ad Campaign,998163,483,India,10,15,No,Low,37.96474343680964
L0171,Education,Ad Campaign,151376,110,UAE,34,16,Yes,High,87.12683484358794
L0172,Technology,Website,475106,221,Australia,25,14,No,Medium,44.48871535446449
L0173,Finance,Referral,915566,209,Germany,35,2,Yes,Low,48.55669261934989
L0174,Technology,Referral,883487,74,UAE,16,11,No,Medium,43.08435331653226
L0175,Travel,Cold Call,817629,48,Canada,2,8,No,Medium,24.914762067855253
L0176,Technology,Ad Campaign,331652,333,India,24,11,Yes,Low,62.027863332907124
L0177,Technology,Cold Call,522132,305,USA,10,14,No,Medium,45.335289101395894
L0178,Healthcare,Ad Campaign,208056,232,UAE,38,1,Yes,Low,53.43882776416168
L0179,Healthcare,Conference,684457,188,UK,22,17,Yes,Medium,70.01320915689496
L0180,Manufacturing,Conference,844557,111,UAE,26,19,Yes,Low,64.51915510803133
L0181,Real Estate,Email,610347,88,Australia,43,11,No,High,60.62701363806251
L0182,Finance,Conference,512785,342,USA,39,3,No,Medium,41.59559782900492
L0183,Technology,Email,677697,254,Australia,27,15,Yes,Low,66.94375633887553
L0184,Technology,Conference,984591,367,Singapore,29,15,Yes,Medium,62.58145554332987
L0185,Education,LinkedIn,549653,445,UK,47,0,No,Medium,40.73494419602287
L0186,Healthcare,Conference,579992,25,UK,38,1,No,Medium,37.63469961748595
L0187,Finance,Cold Call,778744,200,India,20,2,No,Low,18.01507141444802
L0188,Automotive,Website,792488,182,UAE,27,19,Yes,High,92.98698143997734
L0189,Manufacturing,Cold Call,685567,421,India,41,16,Yes,High,92.47409908231772
L0190,Real Estate,Website,732568,479,USA,20,19,Yes,High,88.79585749958817
L0191,Retail,Referral,692804,11,UAE,44,0,Yes,Low,49.85897290845292
L0192,Real Estate,Cold Call,572828,74,Singapore,19,19,Yes,High,86.32004052375912
L0193,Travel,Referral,528366,131,Australia,20,5,No,Low,32.31496677392653
L0194,Technology,Email,771384,403,Singapore,35,14,Yes,Medium,82.09230183282946
L0195,Manufacturing,Email,469139,470,UK,47,13,No,Medium,55.84111802641165
L0196,Travel,LinkedIn,569777,164,USA,2,19,No,High,49.95610940820646
L0197,Finance,Conference,426188,252,Canada,30,14,Yes,Low,62.74678656942127
L0198,Retail,Cold Call,282549,207,USA,34,13,No,Medium,55.788914995467564
L0199,Healthcare,Referral,603453,152,Germany,22,4,Yes,Low,47.21694500385892
L0200,Manufacturing,Website,641491,476,USA,3,5,No,Low,9.537008165854132
L0201,Manufacturing,Email,534965,147,Singapore,6,16,Yes,Medium,61.27581985207663
L0202,Technology,Conference,840546,436,Germany,15,10,Yes,Low,38.8735104928176
L0203,Media,Email,86321,203,Germany,27,15,No,Medium,59.424547800223195
L0204,Manufacturing,Website,385441,409,UAE,10,11,Yes,Medium,52.928998828839944
L0205,Education,Conference,933084,430,UAE,9,14,No,Medium,39.894786938749874
L0206,Retail,Conference,935736,158,Germany,33,3,Yes,Low,47.39267516797591
L0207,Retail,Referral,295014,496,Canada,32,17,Yes,Medium,84.16407987291885
L0208,Education,Referral,206498,380,UAE,48,2,Yes,Low,42.35811763189602
L0209,Automotive,Cold Call,67772,388,USA,6,7,No,Medium,26.643049255072924
L0210,Education,Cold Call,940186,146,Singapore,41,2,No,Medium,39.73084176568015
L0211,Education,Ad Campaign,840144,317,USA,36,7,Yes,High,70.82526596751956
L0212,Retail,Ad Campaign,444583,169,Canada,2,17,No,High,56.69772778725442
L0213,Real Estate,LinkedIn,288389,318,UK,29,9,Yes,High,67.52898106232695
L0214,Retail,Email,689430,25,India,4,19,No,Low,40.30796047801504
L0215,Media,Cold Call,666024,86,Singapore,1,16,No,Low,31.65666673622644
L0216,Technology,Referral,101924,73,UAE,19,7,Yes,Medium,60.992880902849436
L0217,Travel,Website,578014,135,Singapore,26,10,Yes,Medium,60.37189560726177
L0218,Real Estate,Referral,401296,91,USA,25,4,Yes,Medium,49.957067427045004
L0219,Healthcare,Email,77723,222,India,10,12,Yes,Medium,62.55016693803146
L0220,Travel,Ad Campaign,963401,425,Australia,15,4,Yes,Low,41.626069484722514
L0221,Technology,Referral,808470,476,Australia,22,12,No,Medium,36.69206944277088
L0222,Media,LinkedIn,936926,309,UAE,48,5,No,Medium,46.58596687182972
L0223,Media,Email,714468,407,Canada,21,4,Yes,High,61.10484560006737
L0224,Healthcare,Ad Campaign,258786,375,Australia,22,8,Yes,Medium,62.28978781020341
L0225,Real Estate,Website,609931,349,Singapore,36,15,Yes,Medium,74.32887358688163
L0226,Automotive,Ad Campaign,736684,345,Australia,34,1,No,Medium,19.823993949948594
L0227,Education,Conference,940328,388,UK,30,0,Yes,Low,44.98346286746068
L0228,Real Estate,LinkedIn,264432,400,UK,25,7,Yes,High,60.25715057820708
L0229,Automotive,Email,189999,449,UAE,45,18,No,Medium,57.88537904913016
L0230,Media,Website,930112,429,UK,28,10,No,Medium,30.770701202146963
L0231,Retail,LinkedIn,408690,165,Australia,1,11,No,High,42.050570251579465
L0232,Technology,Ad Campaign,989947,182,Canada,49,11,No,Medium,60.01150830465641
L0233,Healthcare,LinkedIn,129973,121,Germany,45,6,Yes,Low,59.89642271512832
L0234,Technology,Email,899881,200,Germany,4,12,No,Medium,40.34146982770317
L0235,Finance,Cold Call,684122,387,UAE,7,7,No,Low,22.524969279777018
L0236,Finance,LinkedIn,810674,494,India,49,8,Yes,Low,74.71307916097801
L0237,Real Estate,Conference,503449,331,Germany,9,6,Yes,Medium,40.02021093132399
L0238,Media,LinkedIn,337681,90,Germany,36,14,Yes,High,83.97332636465552
L0239,Media,Ad Campaign,544509,293,UK,19,1,No,Low,9.128033554905471
L0240,Education,Ad Campaign,914008,85,UK,1,19,Yes,High,69.46533323868185
L0241,Education,Website,681810,156,Australia,10,11,No,Medium,34.24779076339003
L0242,Education,Ad Campaign,596900,65,UAE,36,0,No,Low,29.173884512845966
L0243,Retail,Referral,275049,65,India,9,7,No,Medium,28.790655066289514
L0244,Travel,Email,318615,358,UAE,45,4,Yes,High,76.98384557324705
L0245,Manufacturing,Email,216703,32,USA,46,14,No,Medium,65.78572912971165
L0246,Travel,Cold Call,814357,446,Singapore,42,0,Yes,Medium,68.48892910120142
L0247,Technology,Cold Call,797419,47,India,32,0,Yes,Low,42.015353458263256
L0248,Travel,Email,81348,173,India,32,9,Yes,Medium,61.097249547151456
L0249,Retail,Conference,245804,427,Canada,6,9,No,Medium,31.11441378012662
L0250,Technology,Cold Call,837609,90,UAE,48,14,No,Medium,59.48161812423783
L0251,Travel,Website,185832,181,Australia,38,16,No,Low,59.938267859368494
L0252,Retail,Ad Campaign,344923,21,Canada,17,5,Yes,High,56.88680991268522
L0253,Manufacturing,Email,333780,102,India,10,2,No,High,26.45246187706399
L0254,Travel,Cold Call,656177,458,India,27,12,No,Medium,45.121402060195
L0255,Retail,Email,103551,498,India,35,15,No,Low,52.704869072245415
L0256,Education,Referral,454772,202,Germany,21,7,No,Medium,35.1210395199328
L0257,Media,LinkedIn,995102,102,UAE,25,14,No,High,54.203051506222415
L0258,Education,Ad Campaign,716923,69,Singapore,28,16,Yes,Low,74.73277462571163
L0259,Media,Email,621107,334,Singapore,47,16,Yes,High,89.75781889550971
L0260,Healthcare,LinkedIn,385914,345,Canada,15,12,Yes,High,68.30887226060536
L0261,Healthcare,Cold Call,470182,9,India,4,16,Yes,Low,54.973668244624726
L0262,Healthcare,LinkedIn,262781,6,Singapore,29,5,No,Low,21.493163330836225
L0263,Manufacturing,Ad Campaign,503105,26,UK,9,16,Yes,Medium,65.17466448339911
L0264,Education,Email,732347,116,UAE,27,15,No,Medium,46.9392843938115
L0265,Media,Referral,915146,61,Singapore,26,13,Yes,High,80.55859704058247
L0266,Retail,Conference,763708,70,Australia,19,12,Yes,Low,49.76676642268224
L0267,Technology,Cold Call,598884,334,UAE,28,5,Yes,Low,52.5014391442067
L0268,Retail,Email,900538,102,Australia,17,2,No,Medium,31.09522333362179
L0269,Technology,Ad Campaign,109182,148,Singapore,43,13,No,High,71.16002902988261
L0270,Finance,Cold Call,399307,372,UK,41,13,Yes,High,86.88493984699073
L0271,Retail,Website,351454,439,Australia,42,14,No,Medium,58.66304415753195
L0272,Travel,LinkedIn,368232,129,Germany,20,7,Yes,Low,44.415431656456825
L0273,Travel,Conference,703091,171,Singapore,45,14,Yes,Medium,89.01145702014351
L0274,Real Estate,Ad Campaign,189978,90,Germany,40,12,Yes,Medium,71.93968823858177
L0275,Education,Website,873346,80,Singapore,39,16,No,Medium,55.95537854729502
L0276,Technology,Email,946782,348,USA,49,2,Yes,Medium,68.48473941200626
L0277,Technology,Referral,619667,499,USA,23,5,Yes,Low,41.99568547923401
L0278,Education,Cold Call,521828,428,USA,47,4,Yes,Medium,62.34098219043521
L0279,Manufacturing,LinkedIn,820188,298,Australia,32,16,No,Low,41.636973318581894
L0280,Real Estate,Cold Call,308517,448,Germany,47,1,Yes,Medium,59.93990837520009
L0281,Manufacturing,Conference,490097,63,Germany,33,14,No,High,61.89576967106533
L0282,Manufacturing,Email,358557,142,Germany,46,4,Yes,Low,59.694513418110155
L0283,Manufacturing,Cold Call,187084,103,UK,5,19,No,High,57.81775571129334
L0284,Education,LinkedIn,755475,196,Germany,43,5,Yes,Medium,68.85575707267914
L0285,Manufacturing,Email,843583,247,UK,48,5,Yes,Medium,68.32813084638018
L0286,Travel,Cold Call,632004,323,USA,34,17,No,Medium,58.667453411871534
L0287,Healthcare,Referral,930179,53,USA,40,17,No,Low,57.882688526101155
L0288,Finance,Ad Campaign,798013,452,Australia,11,3,Yes,High,57.83438679745702
L0289,Technology,Email,741738,36,Singapore,3,16,No,Low,31.73146358603039
L0290,Technology,Ad Campaign,748012,395,USA,33,13,Yes,Low,62.384743151074694
L0291,Finance,Email,253502,281,Singapore,11,13,Yes,Medium,54.29667966159698
L0292,Education,Referral,194539,24,Singapore,16,12,Yes,High,61.51726046633844
L0293,Retail,Ad Campaign,474226,158,UAE,18,6,No,Medium,35.82544073400924
L0294,Education,Website,571863,387,Australia,30,11,Yes,Low,62.62566060960487
L0295,Technology,LinkedIn,171999,72,India,48,14,No,Medium,66.37983588546886
L0296,Technology,Website,164793,370,India,10,18,Yes,High,73.9002043794105
L0297,Finance,Cold Call,507373,376,Canada,18,10,No,Medium,45.84455557693459
L0298,Manufacturing,Referral,420321,218,UAE,38,14,No,High,62.94997680741963
L0299,Education,Website,62289,147,Australia,19,11,Yes,High,73.7774202998921
L0300,Media,Email,750336,380,Canada,36,2,No,Medium,37.004996588425
L0301,Finance,Cold Call,748956,236,Canada,13,16,Yes,Low,54.180587744809536
L0302,Travel,Cold Call,990675,217,UAE,46,2,Yes,Medium,66.28381157955336
L0303,Technology,Website,805801,83,India,3,18,Yes,Low,56.30596791887647
L0304,Finance,Website,307368,218,Australia,10,19,Yes,Low,61.90731277592647
L0305,Education,Referral,136365,120,India,38,3,Yes,Medium,60.40854033799314
L0306,Technology,LinkedIn,804950,96,Canada,1,2,No,Low,7.580674226217135
L0307,Retail,Website,950446,274,Australia,27,15,Yes,Low,76.15668273556594
L0308,Finance,Conference,225211,415,Canada,46,11,No,Medium,63.452969584734895
L0309,Real Estate,Website,229785,385,Germany,8,7,No,Medium,31.564725237548398
L0310,Technology,Ad Campaign,997238,493,UAE,46,16,Yes,Medium,85.98541899187623
L0311,Education,Email,122588,172,Singapore,42,6,No,Low,44.22375592779537
L0312,Healthcare,Conference,113646,62,Australia,17,10,Yes,High,68.78761083147391
L0313,Media,Conference,315798,288,Australia,9,17,No,Low,36.48333310866072
L0314,Automotive,Ad Campaign,532238,30,Singapore,6,0,No,High,22.155647761425527
L0315,Manufacturing,Ad Campaign,855175,373,Canada,43,2,No,Medium,41.07983866077356
L0316,Automotive,Cold Call,884800,451,Germany,25,3,Yes,High,44.190835874852475
L0317,Education,LinkedIn,795385,70,UK,39,12,No,Medium,55.877923637949
L0318,Travel,Email,779532,413,Singapore,49,5,Yes,Medium,67.45235644155346
L0319,Travel,Referral,973945,252,UAE,28,13,No,High,65.63252292374524
L0320,Healthcare,Conference,169735,258,India,33,4,No,Medium,38.61659146039604
L0321,Manufacturing,Referral,205683,391,Canada,37,15,No,High,60.39245465313078
L0322,Real Estate,Website,956323,460,Singapore,9,14,No,Medium,39.3660664688868
L0323,Healthcare,Website,682259,48,Singapore,18,14,Yes,Low,51.89506589584752
L0324,Automotive,Referral,586437,101,Australia,21,3,Yes,Low,43.961022040968345
L0325,Healthcare,Website,412246,46,India,2,7,No,Medium,25.731858196563163
L0326,Automotive,LinkedIn,371333,231,India,43,15,No,Medium,66.79993929410203
L0327,Technology,Ad Campaign,813264,266,UAE,38,15,Yes,High,82.99510769029195
L0328,Travel,Website,989179,171,India,40,3,Yes,Low,53.39667850477123
L0329,Technology,Cold Call,907463,440,Singapore,36,12,Yes,High,74.16307577045006
L0330,Media,Website,616956,283,UK,43,12,Yes,Medium,80.7813729429211
L0331,Manufacturing,Email,456889,93,USA,37,1,No,Medium,38.826364495111456
L0332,Real Estate,LinkedIn,662492,383,Canada,15,2,No,High,34.820593311367716
L0333,Automotive,Email,261830,182,USA,28,7,Yes,Medium,60.203583878589214
L0334,Real Estate,Email,246501,431,Singapore,18,14,Yes,Low,59.199535775103996
L0335,Automotive,Cold Call,466885,407,USA,34,10,Yes,High,84.62749575636576
L0336,Education,LinkedIn,215140,201,Singapore,22,8,Yes,Low,48.675495417260386
L0337,Healthcare,LinkedIn,794149,311,USA,11,6,Yes,Low,40.901604006627764
L0338,Media,LinkedIn,190507,271,India,13,12,Yes,Low,45.47592059861496
L0339,Travel,LinkedIn,275160,272,Germany,4,1,No,High,19.686622152266125
L0340,Automotive,LinkedIn,233321,78,India,22,7,No,Medium,37.011085799515946
L0341,Real Estate,Cold Call,611672,12,India,7,6,No,Low,23.279066229750136
L0342,Media,Website,571998,412,UAE,43,11,Yes,Low,66.41354754361862
L0343,Retail,Email,656217,480,Australia,24,18,Yes,Low,65.93534753603873
L0344,Retail,LinkedIn,964391,301,Australia,4,6,Yes,Medium,41.888237579841174
L0345,Technology,Conference,650441,168,USA,28,9,No,Medium,40.679600104425
L0346,Travel,Website,809416,489,Singapore,15,15,Yes,High,74.34274127424766
L0347,Education,Website,125388,89,UAE,1,2,Yes,Medium,28.283851408908067
L0348,Real Estate,Email,605689,76,India,3,9,No,High,42.451958893000665
L0349,Healthcare,Cold Call,568727,59,UAE,14,5,Yes,High,53.139053922886525
L0350,Healthcare,Referral,777191,397,USA,38,17,No,High,73.71692881279758
L0351,Real Estate,Referral,693791,51,Australia,1,17,No,High,41.104357174147694
L0352,Manufacturing,Website,282601,403,Germany,38,4,Yes,High,72.92529624886429
L0353,Education,Ad Campaign,177834,436,Canada,38,6,No,Low,40.098713372047776
L0354,Media,Ad Campaign,84084,242,USA,21,1,Yes,Medium,48.35710058559339
L0355,Automotive,Email,301459,108,UAE,48,10,No,Low,44.20508617725238
L0356,Manufacturing,Referral,684929,214,Germany,29,12,Yes,High,77.95021140985934
L0357,Automotive,Website,155111,46,Canada,5,4,No,Medium,15.461733039808182
L0358,Automotive,Cold Call,499042,320,UK,49,5,Yes,Low,60.63092056662433
L0359,Manufacturing,Referral,479667,472,USA,10,13,No,Low,35.79583027384215
L0360,Technology,Website,712587,458,USA,28,11,No,High,58.49478783084243
L0361,Retail,Website,212982,272,UK,21,3,No,Low,21.669899675108176
L0362,Automotive,LinkedIn,348185,390,UK,7,5,Yes,Low,31.306418248205343
L0363,Manufacturing,Cold Call,925352,267,USA,3,9,Yes,Low,43.27519957053799
L0364,Manufacturing,LinkedIn,377825,340,UK,45,17,No,Low,58.49003185981128
L0365,Finance,Email,284386,391,India,47,14,Yes,Low,63.279195370824254
L0366,Technology,LinkedIn,393715,369,Canada,20,7,No,High,47.21067866971364
L0367,Travel,Conference,246553,263,Canada,19,8,Yes,High,64.14306783924445
L0368,Finance,LinkedIn,511792,287,Canada,35,4,No,Low,37.756617142170995
L0369,Finance,Conference,551174,118,India,4,9,Yes,High,51.18315331341219
L0370,Real Estate,Referral,834625,367,Singapore,5,19,No,High,37.177705423815915
L0371,Retail,Ad Campaign,701844,44,UK,1,5,No,Medium,21.902401031790372
L0372,Manufacturing,Website,245246,490,Germany,4,15,No,Low,31.59100850156239
L0373,Retail,Conference,600448,421,UK,12,2,No,High,22.05147537432005
L0374,Education,Cold Call,296242,224,USA,27,9,Yes,High,65.8486408313544
L0375,Real Estate,LinkedIn,561083,133,Australia,42,10,No,Low,59.279848117095746
L0376,Travel,Conference,67633,12,UAE,23,10,Yes,Medium,60.34305326650273
L0377,Retail,Cold Call,853446,105,UAE,25,16,Yes,Low,68.2240752255975
L0378,Healthcare,Ad Campaign,916964,420,Canada,21,3,No,Medium,26.340685825564094
L0379,Automotive,Ad Campaign,99104,384,UK,24,3,Yes,Low,32.97920516201778
L0380,Education,LinkedIn,913663,180,Germany,25,16,Yes,Low,63.7179891097369
L0381,Technology,Email,118388,111,USA,45,8,Yes,Low,62.85457655410115
L0382,Travel,LinkedIn,590302,105,India,46,18,No,Low,58.584926744359535
L0383,Education,Referral,142578,264,Singapore,32,4,Yes,Medium,57.33442203084613
L0384,Automotive,Conference,739115,482,India,32,5,Yes,Medium,60.80791493502733
L0385,Real Estate,Website,614678,458,Germany,5,2,No,High,25.46853447036899
L0386,Automotive,Email,335855,370,USA,36,0,No,Low,19.720785486793794
L0387,Finance,LinkedIn,141658,250,Canada,46,19,Yes,Medium,92.59418926393214
L0388,Automotive,Cold Call,107993,279,UK,42,15,No,Medium,51.65163746398939
L0389,Finance,Email,255768,36,USA,49,10,Yes,Medium,67.53768639778951
L0390,Real Estate,Conference,208285,141,UAE,42,12,Yes,Low,72.35755660884618
L0391,Media,Email,821148,16,Singapore,39,9,Yes,High,80.62317869687443
L0392,Finance,Conference,501000,399,India,16,2,No,Medium,24.666836278818867
L0393,Technology,LinkedIn,843853,306,Singapore,33,8,Yes,Low,49.858418056246116
L0394,Automotive,Conference,792296,379,Singapore,49,11,No,Medium,55.8288663492612
L0395,Automotive,Email,592015,20,Germany,21,13,No,Medium,44.06972490818402
L0396,Technology,Cold Call,948850,133,Germany,9,0,Yes,High,37.530734238762086
L0397,Healthcare,Ad Campaign,578646,67,UK,6,17,No,Medium,38.82043136079683
L0398,Manufacturing,Email,377252,113,Germany,45,16,No,Medium,68.0758299937835
L0399,Media,Conference,307681,379,Germany,35,8,No,Low,45.19667719738593
L0400,Travel,Ad Campaign,144018,25,USA,39,8,No,Low,38.41195620448383
L0401,Finance,Conference,436601,162,UAE,22,9,No,High,51.46235584247201
L0402,Technology,Cold Call,999621,273,Canada,41,18,Yes,Low,67.95279309496814
L0403,Real Estate,Conference,344054,166,UK,5,14,No,Low,32.46374385325871
L0404,Finance,LinkedIn,701176,264,USA,42,4,Yes,High,68.01033311433251
L0405,Manufacturing,Website,279104,416,Canada,23,14,Yes,Medium,69.72362389449582
L0406,Real Estate,Email,892186,106,Singapore,17,19,Yes,High,79.16940117410756
L0407,Education,Website,243510,227,USA,12,1,Yes,Low,39.527956192850425
L0408,Automotive,Conference,159847,63,Australia,23,12,Yes,High,68.65682283241426
L0409,Education,Cold Call,996875,251,USA,16,15,Yes,Medium,68.61816038147188
L0410,Finance,Email,494717,132,Germany,3,14,No,High,42.544460535289616
L0411,Manufacturing,Conference,504162,287,Canada,30,9,No,Low,35.78634586451667
L0412,Media,Ad Campaign,874899,329,UK,22,13,No,Low,37.07643407877968
L0413,Finance,Referral,985129,29,UK,9,9,Yes,High,55.49236487495156
L0414,Technology,Conference,346037,135,Canada,29,13,No,Medium,50.21092300075665
L0415,Retail,Website,126329,357,Germany,47,8,No,High,61.09384804084094
L0416,Finance,Email,81007,200,India,37,13,No,Medium,56.38557825599712
L0417,Automotive,Website,744892,285,USA,23,2,Yes,Medium,49.662053118367645
L0418,Automotive,Email,366397,408,Germany,13,19,No,High,61.949156421530574
L0419,Finance,Conference,62323,422,Australia,32,15,Yes,Medium,79.89359034124651
L0420,Real Estate,LinkedIn,947767,158,UAE,46,1,No,Low,28.489096065404496
L0421,Retail,Ad Campaign,162356,386,Singapore,47,9,Yes,High,87.32989902282496
L0422,Technology,Conference,685232,137,Canada,48,2,Yes,Medium,58.61396770333365
L0423,Finance,Website,254451,231,UAE,23,10,Yes,Low,56.81038577796042
L0424,Real Estate,Referral,981714,193,USA,45,10,No,High,66.43918801588813
L0425,Automotive,Referral,328600,480,UK,17,12,No,Low,23.79894722804623
L0426,Automotive,Cold Call,605655,481,Singapore,40,6,Yes,Low,58.428376361540714
L0427,Manufacturing,Email,104624,269,UAE,21,16,No,Low,39.77782018507812
L0428,Finance,Website,453322,376,India,2,1,Yes,Medium,31.009610874662545
L0429,Retail,Cold Call,284565,490,UAE,37,11,Yes,High,86.7757439306164
L0430,Healthcare,Website,118008,438,Australia,6,9,No,High,34.615600000357475
L0431,Retail,Email,962358,138,UK,44,17,No,Medium,61.74899612777172
L0432,Automotive,Conference,427539,215,Canada,18,10,No,High,47.1883565475013
L0433,Automotive,Conference,166492,64,USA,30,15,Yes,Low,69.47950619658339
L0434,Education,Referral,122240,432,Canada,22,16,Yes,High,78.02430271978825
L0435,Automotive,Conference,376459,381,Singapore,33,18,No,Medium,66.45698699257827
L0436,Technology,Conference,775947,399,USA,30,17,Yes,Low,71.86433051175385
L0437,Travel,LinkedIn,322900,454,Germany,17,2,No,Medium,14.675001403491073
L0438,Finance,Referral,511227,435,India,43,15,Yes,Low,71.36340632102565
L0439,Retail,Cold Call,348522,368,Germany,32,5,No,Low,28.677363080040646
L0440,Travel,Ad Campaign,185327,368,Germany,42,11,No,High,65.4795115340644
L0441,Real Estate,LinkedIn,981988,461,Canada,14,10,Yes,Low,35.23681697376854
L0442,Healthcare,Cold Call,699991,217,Singapore,10,14,No,Medium,52.97276068107519
L0443,Technology,Email,892981,220,India,47,14,No,High,73.53590383644742
L0444,Retail,LinkedIn,215575,230,UAE,36,15,Yes,Medium,78.46941087243485
L0445,Travel,Cold Call,910226,474,USA,34,9,No,Low,44.934691428497445
L0446,Healthcare,Email,549499,135,USA,9,11,Yes,Medium,66.59689539832736
L0447,Education,Referral,543948,80,Australia,42,12,No,Medium,61.01538735828036
L0448,Technology,Ad Campaign,357257,480,UK,28,3,Yes,Low,50.6237647304784
L0449,Technology,Email,648357,290,Australia,11,6,No,High,36.86182821039925
L0450,Education,Conference,279189,478,UAE,14,1,No,Medium,21.442747173014883
L0451,Finance,Website,448465,281,Australia,39,14,No,Low,47.6038369582784
L0452,Education,Email,301051,160,USA,47,7,No,High,55.697581824456286
L0453,Technology,Email,986705,252,Canada,19,6,Yes,High,57.671266773253315
L0454,Technology,Ad Campaign,699829,222,Germany,15,14,Yes,High,64.53615680556759
L0455,Travel,Website,763936,194,Singapore,28,13,Yes,Medium,69.28981567890571
L0456,Automotive,Conference,561778,421,Germany,24,7,Yes,Medium,49.323171243835844
L0457,Healthcare,Cold Call,830641,473,Germany,8,11,Yes,Medium,55.2209628570236
L0458,Education,Cold Call,321830,167,India,43,12,Yes,High,85.09224599308581
L0459,Healthcare,Email,555629,184,USA,9,10,Yes,Medium,54.03435425777662
L0460,Education,Website,365507,38,UAE,47,16,No,Low,55.4280102487185
L0461,Real Estate,Website,409687,45,UAE,33,16,No,Medium,72.85154137829241
L0462,Technology,Conference,706021,311,Singapore,33,3,No,Medium,43.74150323881778
L0463,Automotive,Ad Campaign,225915,435,Canada,19,7,No,High,36.46257213974825
L0464,Travel,Referral,669961,342,India,3,4,Yes,Medium,41.316864604696256
L0465,Automotive,Cold Call,504179,318,UK,10,15,Yes,Low,50.76662879122101
L0466,Automotive,Ad Campaign,92828,79,Canada,40,3,Yes,High,64.15423939009344
L0467,Automotive,LinkedIn,885036,445,Australia,47,14,No,Low,48.180413006356694
L0468,Healthcare,Cold Call,322670,283,Canada,42,11,Yes,High,85.24379022071355
L0469,Education,Ad Campaign,905342,180,Canada,1,4,No,High,23.521133196295523
L0470,Media,Cold Call,75592,388,Germany,29,15,Yes,Medium,78.27844268725812
L0471,Real Estate,Referral,341126,154,Canada,34,13,Yes,Low,70.31155339273812
L0472,Retail,LinkedIn,836639,277,UAE,13,9,Yes,High,69.03928191531611
L0473,Automotive,Referral,282041,329,Australia,1,6,Yes,Medium,37.823995278114985
L0474,Finance,Conference,400877,112,Australia,34,12,No,High,62.140523005124926
L0475,Healthcare,LinkedIn,804296,143,USA,29,19,No,High,70.91737312402783
L0476,Travel,Email,174982,354,Canada,48,4,Yes,High,73.33265370020521
L0477,Retail,Ad Campaign,306911,275,Germany,47,2,No,High,48.07454515395936
L0478,Media,LinkedIn,118619,351,Canada,13,14,Yes,High,78.11205016024398
L0479,Finance,Conference,734688,423,UK,48,3,Yes,High,75.26207658596424
L0480,Media,Conference,358623,293,UK,49,14,Yes,Medium,87.28510191145342
L0481,Retail,Referral,551643,216,Germany,29,13,Yes,High,74.17103777115037
L0482,Automotive,Cold Call,201175,385,USA,39,19,No,Low,51.78112868779719
L0483,Finance,LinkedIn,220963,276,USA,24,18,Yes,Medium,72.2676813101388
L0484,Media,Ad Campaign,191826,422,Australia,26,12,Yes,Low,58.245628831041415
L0485,Travel,LinkedIn,805343,70,Australia,17,9,No,High,39.29758954700885
L0486,Education,Website,917869,487,India,7,4,Yes,Low,34.55227971614658
L0487,Technology,Cold Call,148540,428,Germany,13,19,No,High,49.51665773312689
L0488,Education,Ad Campaign,909414,252,Canada,5,19,Yes,High,67.46098737744656
L0489,Retail,Ad Campaign,677035,160,Singapore,26,5,Yes,Medium,59.16766043042841
L0490,Healthcare,Email,236994,51,Germany,49,3,Yes,Medium,69.75579470665262
L0491,Technology,Referral,360375,427,India,3,1,Yes,High,41.456298235364265
L0492,Real Estate,Email,79301,458,Australia,7,15,Yes,Medium,54.881103266645304
L0493,Travel,Ad Campaign,272724,205,Germany,49,17,Yes,Low,75.70508750552784
L0494,Real Estate,Cold Call,564003,152,Germany,39,4,No,Medium,40.3269992643858
L0495,Finance,LinkedIn,243783,128,Australia,1,3,Yes,Medium,40.571679461448795
L0496,Technology,LinkedIn,746683,5,UAE,49,12,No,Low,57.58859687777425
L0497,Real Estate,Cold Call,68752,460,India,17,18,No,Medium,48.34655721947522
L0498,Real Estate,Ad Campaign,787565,251,Australia,43,1,Yes,High,62.13801585074203
L0499,Media,Conference,934884,347,USA,25,12,No,Low,39.59270905936389
L0500,Education,LinkedIn,718755,132,Canada,3,10,Yes,High,53.508533524958835
L0501,Media,Conference,267029,195,Australia,15,3,No,Low,15.3292523803449
L0502,Technology,LinkedIn,957669,71,India,29,19,Yes,High,94.38148249300151
L0503,Technology,LinkedIn,106273,8,UK,43,19,No,High,80.46210775507373
L0504,Retail,Referral,308503,446,USA,32,14,No,Medium,54.48697145384587
L0505,Media,Referral,666166,413,UK,26,3,Yes,High,54.29561444663832
L0506,Manufacturing,Website,841327,307,Singapore,16,8,No,Medium,35.484480152068656
L0507,Education,Email,169968,298,Australia,25,6,Yes,Low,54.093093113443544
L0508,Technology,Cold Call,427844,147,USA,28,18,Yes,High,83.6857414456084
L0509,Retail,Cold Call,650847,195,Canada,9,18,Yes,High,80.68682716314517
L0510,Media,Cold Call,60699,25,Australia,1,5,Yes,Low,38.97070818765548
L0511,Education,Website,246133,231,Canada,29,5,Yes,Low,57.968503043638954
L0512,Media,Referral,584003,317,UAE,22,19,No,High,64.9956033877588
L0513,Real Estate,Ad Campaign,69169,121,Germany,16,14,No,Low,38.83814002427174
L0514,Retail,Conference,568652,441,UK,41,14,No,Medium,66.27824041587672
L0515,Education,Conference,168413,306,USA,44,19,Yes,Low,83.17574519554896
L0516,Automotive,Ad Campaign,983667,146,Canada,41,8,No,Low,39.22744922474389
L0517,Finance,Website,693552,488,India,7,3,No,High,26.779842208338135
L0518,Finance,Ad Campaign,317926,464,Canada,14,17,No,Medium,48.606308603455155
L0519,Education,Cold Call,793537,405,India,29,17,No,Low,42.14440019424312
L0520,Media,Email,572988,43,Australia,19,4,No,Medium,29.232147958087737
L0521,Retail,LinkedIn,174481,397,USA,19,19,Yes,Medium,79.11538865237576
L0522,Finance,Conference,265400,359,Canada,2,10,Yes,Medium,38.05769422430249
L0523,Retail,Referral,609873,256,Singapore,41,4,No,High,59.09024079898332
L0524,Finance,Referral,867114,337,Canada,45,3,Yes,Low,61.89973360694221
L0525,Real Estate,Website,228936,211,UAE,15,11,Yes,High,64.25327144286695
L0526,Media,Referral,442136,214,Singapore,3,1,No,Low,10.132636201657652
L0527,Real Estate,Cold Call,920848,119,USA,11,12,No,Low,29.697800933135284
L0528,Finance,Conference,498330,229,UAE,46,9,Yes,High,88.52374346410534
L0529,Automotive,Ad Campaign,439954,138,Canada,30,8,No,Medium,47.91234159999364
L0530,Automotive,Cold Call,88067,255,India,40,9,Yes,Medium,63.69996861824177
L0531,Real Estate,Website,748045,223,Canada,18,6,Yes,Low,47.43040444111251
L0532,Automotive,Cold Call,827622,411,UK,48,3,No,High,53.096457939087735
L0533,Finance,Ad Campaign,68073,447,Australia,2,18,Yes,Medium,62.05970528008781
L0534,Education,Email,86035,95,Germany,32,9,Yes,Medium,62.161503545634275
L0535,Real Estate,Website,246049,358,India,8,2,Yes,Low,40.79653926611975
L0536,Healthcare,Email,283782,380,UK,22,18,No,Low,51.090749486193864
L0537,Media,LinkedIn,664661,50,Singapore,6,1,No,High,21.553560936311317
L0538,Automotive,Email,919794,42,Australia,12,19,No,Low,34.67388574095904
L0539,Automotive,LinkedIn,664805,146,USA,47,9,No,Medium,53.05767336498186
L0540,Technology,LinkedIn,639738,104,India,40,1,Yes,Medium,60.24125651724493
L0541,Manufacturing,Email,584670,332,Germany,36,1,No,Medium,36.82079291468278
L0542,Real Estate,Website,971941,194,Australia,15,16,No,Medium,52.71249548796581
L0543,Travel,Ad Campaign,776331,39,Singapore,28,15,No,High,64.7766662800772
L0544,Automotive,Cold Call,507828,151,UAE,49,15,No,High,78.53205565508031
L0545,Media,Cold Call,795715,34,UAE,45,13,Yes,Low,73.71161320068914
L0546,Healthcare,Ad Campaign,111929,338,Germany,18,6,Yes,Low,37.54759872273667
L0547,Automotive,Conference,807771,88,USA,2,10,Yes,Low,40.03547082439439
L0548,Healthcare,Conference,802878,373,USA,13,0,No,High,33.259632373012714
L0549,Finance,LinkedIn,935296,285,Singapore,45,10,No,Medium,55.08287944975056
L0550,Finance,LinkedIn,717689,428,India,15,3,Yes,Low,40.435967417769646
L0551,Manufacturing,Website,830965,348,Singapore,20,6,No,Medium,32.12484059347933
L0552,Education,Referral,337313,274,Canada,29,14,No,Low,38.71130595600184
L0553,Travel,Email,137468,158,USA,42,17,Yes,Low,75.93967065721306
L0554,Technology,LinkedIn,84594,106,Australia,29,11,Yes,Low,60.66876030861117
L0555,Manufacturing,Cold Call,241703,219,Canada,3,16,No,Low,27.82145399130717
L0556,Retail,Website,95033,154,UAE,19,0,No,Low,14.454096836941149
L0557,Technology,Email,637421,436,UAE,3,10,No,Medium,24.928892168158164
L0558,Real Estate,Website,123861,87,UK,14,0,Yes,Low,38.16765315924905
L0559,Media,Email,757650,114,Germany,40,14,Yes,Medium,77.12278028832192
L0560,Retail,Email,343894,439,Canada,4,9,Yes,High,63.92328363325713
L0561,Retail,Ad Campaign,614749,391,Germany,11,6,Yes,Low,47.85211734078188
L0562,Manufacturing,LinkedIn,517016,430,Singapore,31,1,No,Medium,32.153309381547025
L0563,Education,Website,128222,279,Canada,43,9,Yes,High,75.49481326529762
L0564,Manufacturing,Website,686308,205,Singapore,32,3,Yes,High,53.89918945129035
L0565,Real Estate,Ad Campaign,860658,288,UK,27,11,No,High,46.53884793239558
L0566,Automotive,Cold Call,843153,472,USA,30,18,No,Medium,51.91922544586116
L0567,Automotive,Cold Call,594897,177,UAE,43,10,No,Low,53.008352433762944
L0568,Education,Conference,704801,331,UK,2,7,Yes,Low,36.85624431100047
L0569,Real Estate,LinkedIn,253981,210,UAE,49,17,No,Medium,70.79012788361783
L0570,Education,LinkedIn,154211,67,USA,9,10,No,Low,14.197572721167548
L0571,Healthcare,Referral,236321,77,Singapore,28,10,Yes,Medium,58.94249868098135
L0572,Automotive,Ad Campaign,492111,255,USA,31,12,Yes,Low,66.36235914001877
L0573,Retail,Cold Call,537689,128,UAE,34,2,No,High,45.40809182936729
L0574,Travel,Email,973160,379,UAE,15,11,Yes,Low,49.81606812859135
L0575,Media,Website,961297,125,Germany,48,2,No,Medium,47.36986163188353
L0576,Real Estate,LinkedIn,910952,279,Australia,25,9,No,Medium,49.69563779544814
L0577,Technology,Website,506956,435,UK,36,16,Yes,High,86.1987619035822
L0578,Education,Website,900741,402,Canada,8,1,No,Medium,18.823755565384868
L0579,Media,Referral,79984,124,UAE,9,16,Yes,Low,55.73634657002602
L0580,Technology,Cold Call,693235,426,UK,37,15,Yes,Low,82.29781992717555
L0581,Media,LinkedIn,779182,441,Germany,48,1,Yes,High,60.46992114836674
L0582,Travel,Website,55901,321,USA,45,19,No,Medium,72.9671354821073
L0583,Technology,LinkedIn,212624,168,Germany,39,5,Yes,High,71.19827661871811
L0584,Manufacturing,Email,272317,428,India,32,9,Yes,Low,60.63622168140425
L0585,Finance,Referral,343199,469,India,17,9,No,High,41.33182681112197
L0586,Manufacturing,Email,743045,290,Canada,35,7,No,Medium,44.23637785322654
L0587,Automotive,LinkedIn,195788,269,Germany,37,0,No,High,46.21011412181726
L0588,Finance,Conference,688387,324,Singapore,19,12,No,Medium,58.14457248749632
L0589,Manufacturing,LinkedIn,585426,165,Canada,44,8,Yes,Medium,75.61053540458286
L0590,Finance,Cold Call,740658,380,Singapore,29,9,Yes,Low,51.725300366453254
L0591,Finance,Website,73429,312,Canada,7,14,Yes,Low,48.272179033495505
L0592,Retail,Website,624488,93,India,28,4,No,Low,25.191576074622077
L0593,Education,Email,252380,146,Canada,9,15,No,Medium,32.21619874479837
L0594,Education,Referral,491460,207,India,28,12,Yes,High,74.43977460540258
L0595,Retail,Conference,822577,313,UAE,6,19,No,Medium,49.33761479686383
L0596,Media,Ad Campaign,295127,231,USA,29,17,No,Low,42.22604670859024
L0597,Healthcare,Website,937700,493,Singapore,17,10,Yes,Low,55.44005020476961
L0598,Media,Cold Call,810801,447,Germany,16,8,Yes,High,64.86637142013706
L0599,Technology,Email,67347,338,UAE,23,15,No,Low,38.09467656952182
L0600,Technology,Email,722280,226,UAE,31,1,No,Low,23.85089101846651
L0601,Finance,Ad Campaign,606110,45,Canada,3,1,No,Low,15.40729110050377
L0602,Manufacturing,Cold Call,614396,200,India,21,11,Yes,High,73.89330297730376
L0603,Manufacturing,Referral,965387,72,UK,26,7,Yes,Medium,59.01491720037688
L0604,Education,Cold Call,532315,480,Singapore,36,8,Yes,Low,57.483978689094116
L0605,Real Estate,Referral,57967,268,UAE,42,11,Yes,High,83.46575211917558
L0606,Media,Cold Call,947151,6,Canada,37,8,Yes,Low,56.725822382146696
L0607,Automotive,Cold Call,586159,365,Australia,22,9,No,High,37.15616654229644
L0608,Travel,LinkedIn,275371,129,USA,42,1,No,Low,41.50412263538042
L0609,Manufacturing,Email,258524,114,USA,12,15,No,High,51.807774297822995
L0610,Travel,Cold Call,779630,90,UK,42,19,Yes,Low,81.7050220398984
L0611,Finance,Ad Campaign,214685,429,India,13,6,Yes,Medium,49.14332913461116
L0612,Travel,Cold Call,602467,124,Canada,11,1,Yes,Low,28.63805724234913
L0613,Automotive,Website,301537,131,Singapore,16,0,No,High,28.866295962603086
L0614,Retail,Email,757548,259,India,8,18,Yes,Low,49.32203800428086
L0615,Automotive,Website,891531,187,USA,40,3,Yes,Medium,72.61207051389702
L0616,Travel,Email,609550,20,India,40,1,No,Low,23.89618329467642
L0617,Automotive,Website,914645,481,USA,45,13,Yes,High,82.91750477840105
L0618,Healthcare,Cold Call,429551,66,India,2,1,No,High,20.60214114240742
L0619,Finance,Cold Call,985772,373,UK,30,14,Yes,Medium,78.91298872093213
L0620,Media,LinkedIn,521082,436,Germany,30,11,Yes,High,75.80831298772036
L0621,Retail,Ad Campaign,922701,162,UK,12,4,No,Low,11.4820492690421
L0622,Manufacturing,Website,110545,272,UK,10,19,No,Low,46.39414078337853
L0623,Technology,Referral,284555,39,Germany,44,6,No,Low,44.067462854657805
L0624,Media,LinkedIn,273894,271,Germany,11,9,No,High,43.63739497942275
L0625,Technology,Website,777506,68,UAE,15,13,No,Low,37.28866046471564
L0626,Finance,Website,352066,498,UAE,16,13,No,Low,46.29404365973288
L0627,Retail,LinkedIn,617201,54,Canada,17,4,Yes,Low,51.6494272141709
L0628,Education,Cold Call,409177,473,Singapore,26,17,Yes,Medium,71.3268958950802
L0629,Manufacturing,Website,416936,259,Singapore,2,13,No,High,49.87023054944781
L0630,Healthcare,Cold Call,300497,153,Canada,12,1,Yes,High,50.84172709272576
L0631,Education,LinkedIn,493057,329,UK,26,11,No,High,55.7822674802591
L0632,Finance,Cold Call,751692,308,UK,23,5,Yes,Medium,45.515015336949844
L0633,Media,Email,535278,280,USA,18,3,No,High,34.90532144158749
L0634,Healthcare,Referral,956295,361,USA,32,12,Yes,Medium,66.4750872040637
L0635,Automotive,Conference,206104,455,Singapore,49,3,Yes,Medium,70.87713617972969
L0636,Travel,Website,743206,176,Canada,38,13,Yes,High,89.14702441393669
L0637,Healthcare,Ad Campaign,764834,421,Australia,47,15,Yes,Low,66.08728897531586
L0638,Finance,Referral,94936,205,UAE,3,3,Yes,Low,30.46340247911936
L0639,Real Estate,Conference,735154,449,Australia,38,0,No,High,48.87461364642024
L0640,Travel,Cold Call,766948,397,Canada,3,12,No,High,39.85070830336296
L0641,Technology,Website,252056,328,USA,30,3,No,Medium,38.74950726905049
L0642,Manufacturing,Cold Call,275469,39,Singapore,1,19,Yes,High,72.3680722360946
L0643,Technology,Email,78141,469,Singapore,30,17,No,Medium,58.91775336169653
L0644,Healthcare,LinkedIn,976578,486,USA,45,5,Yes,High,74.08918235992702
L0645,Technology,Website,187478,220,Australia,32,2,Yes,Low,40.66682745085743
L0646,Finance,Conference,147359,484,India,28,12,Yes,Low,54.48257482678463
L0647,Automotive,Conference,959711,69,India,21,15,No,High,60.088115955735226
L0648,Media,Email,204363,12,USA,46,4,Yes,Medium,66.57634605740108
L0649,Manufacturing,Email,615856,305,India,13,3,No,Low,16.00346455569642
L0650,Technology,Website,671827,347,Germany,27,7,No,Medium,37.463793612233566
L0651,Technology,Cold Call,621139,435,Canada,36,18,Yes,High,88.9359247307058
L0652,Healthcare,Ad Campaign,543158,428,Canada,7,13,Yes,High,70.04658904762867
L0653,Media,Conference,629111,336,USA,22,6,No,Low,25.266851556288223
L0654,Education,Conference,73312,442,UK,10,13,No,High,39.94344120255768
L0655,Technology,Email,477387,80,UAE,39,5,No,Low,39.4905467402143
L0656,Finance,Referral,484995,178,Australia,15,11,No,Medium,37.52771120269575
L0657,Real Estate,Email,774188,51,USA,15,15,No,Low,37.02486332336743
L0658,Manufacturing,Ad Campaign,550531,19,India,4,16,No,Low,39.75002901857113
L0659,Technology,Cold Call,935155,365,Australia,32,12,Yes,Medium,70.43640236899398
L0660,Finance,Cold Call,848843,151,UK,23,13,No,Low,40.05386680812853
L0661,Finance,Referral,546037,30,India,6,6,No,Low,11.25253614178979
L0662,Manufacturing,Conference,299062,312,Singapore,24,13,No,High,54.12184607873929
L0663,Education,Email,893441,97,UAE,20,14,No,Medium,49.39779134312141
L0664,Finance,Cold Call,458638,410,Germany,37,11,Yes,Low,56.24461360791517
L0665,Real Estate,Ad Campaign,485684,236,India,20,16,Yes,Medium,70.51228131949905
L0666,Finance,Website,606659,25,Germany,12,8,No,Medium,32.48247308610265
L0667,Finance,LinkedIn,107022,311,Australia,33,14,No,Low,46.515782068484995
L0668,Finance,LinkedIn,383373,42,Germany,28,11,No,High,59.697072688779926
L0669,Automotive,LinkedIn,149071,280,Australia,8,1,Yes,Medium,40.14909912633713
L0670,Automotive,Conference,232268,161,Australia,1,4,Yes,Low,38.31839386342561
L0671,Education,Email,408918,183,Australia,37,12,Yes,Medium,68.63248206757224
L0672,Technology,Referral,539626,136,Australia,22,19,Yes,High,84.14901059119379
L0673,Finance,Cold Call,338859,315,Australia,6,7,Yes,High,55.148434898652205
L0674,Media,Website,864037,459,India,21,13,Yes,High,68.03718617784114
L0675,Technology,Ad Campaign,674141,352,Australia,32,14,No,Low,50.47857490304534
L0676,Education,Website,605462,32,India,35,10,Yes,Low,72.84141164204604
L0677,Retail,Ad Campaign,977460,264,Australia,15,0,Yes,High,49.0986430969686
L0678,Technology,Conference,547660,410,Germany,5,2,No,Low,12.74422466800686
L0679,Technology,Email,126373,80,Singapore,46,16,Yes,High,93.84901557993592
L0680,Travel,LinkedIn,905684,433,Australia,48,18,No,Low,58.24088438408388
L0681,Healthcare,Email,243021,71,UK,6,13,Yes,High,55.09598378821871
L0682,Travel,Conference,243718,346,Australia,25,7,No,Medium,34.82988661245014
L0683,Real Estate,Referral,644305,496,Australia,46,12,No,High,60.15084182241641
L0684,Automotive,Referral,113037,198,Germany,40,19,No,High,83.01030630866293
L0685,Automotive,Conference,664106,476,UAE,29,2,No,Low,24.337448308042237
L0686,Healthcare,Ad Campaign,580836,166,Canada,7,4,No,Low,12.87190711416264
L0687,Manufacturing,Cold Call,691269,351,Germany,40,8,Yes,Low,65.5671439896748
L0688,Manufacturing,Cold Call,284213,443,UK,13,5,Yes,Low,34.24516500129521
L0689,Education,Ad Campaign,254366,365,Canada,38,1,No,Low,25.00993330084727
L0690,Healthcare,Referral,552420,261,USA,18,12,No,Low,34.308137930561045
L0691,Technology,Referral,204249,76,USA,2,4,No,Medium,24.68412422671998
L0692,Manufacturing,Referral,336166,91,UAE,8,7,Yes,High,58.45901598846478
L0693,Finance,Email,680585,426,UK,11,0,No,High,27.97631959013043
L0694,Media,Referral,710902,266,Germany,33,19,No,High,70.59467030883314
L0695,Technology,Website,272084,218,India,38,11,No,Medium,54.63490645271443
L0696,Real Estate,LinkedIn,539536,157,UK,48,10,No,High,66.1854933118976
L0697,Finance,Referral,110428,214,Singapore,27,6,Yes,Medium,52.85443508153959
L0698,Finance,Ad Campaign,728100,405,Canada,20,14,No,Medium,46.58055722524416
L0699,Healthcare,LinkedIn,371497,65,Canada,12,10,No,Medium,29.767969165131966
L0700,Education,Email,687420,272,Australia,43,15,Yes,High,90.41615385306481
L0701,Real Estate,Ad Campaign,237604,266,USA,31,2,No,Medium,31.734246866135592
L0702,Manufacturing,LinkedIn,590340,222,UAE,27,19,No,High,79.22752035881226
L0703,Healthcare,Ad Campaign,150689,287,Canada,32,13,Yes,High,79.918680605409
L0704,Manufacturing,Email,752436,140,UK,10,2,Yes,Low,26.259145885125996
L0705,Healthcare,Website,496636,471,Canada,3,0,Yes,Low,25.16583364049293
L0706,Healthcare,Email,706031,384,UAE,45,14,No,Medium,64.25307729424743
L0707,Healthcare,Email,312307,366,UAE,27,0,No,Medium,36.89743197566058
L0708,Education,Ad Campaign,353568,453,UAE,35,16,Yes,High,83.74446732361467
L0709,Healthcare,Conference,552754,445,UK,31,1,Yes,Medium,44.64639933503754
L0710,Retail,Cold Call,513547,97,India,15,19,Yes,Medium,75.26785852654267
L0711,Media,Referral,453850,113,Australia,16,5,No,High,30.78766167995395
L0712,Manufacturing,Referral,185870,245,USA,13,7,No,Medium,28.83103804487933
L0713,Technology,Website,334564,359,Canada,49,15,Yes,Medium,84.3961080987608
L0714,Travel,Website,560259,428,UK,35,18,No,High,69.50145679364984
L0715,Real Estate,Referral,694863,146,Germany,11,0,Yes,High,50.1805161629227
L0716,Automotive,Cold Call,832518,295,USA,21,2,No,Low,16.596866182553022
L0717,Education,Referral,341444,436,India,11,2,No,High,28.523942353559324
L0718,Technology,Conference,926313,241,UK,30,4,No,Low,28.611784647712778
L0719,Finance,Cold Call,60749,344,Singapore,48,11,No,Medium,59.504165942266326
L0720,Retail,Website,678419,316,Singapore,35,11,Yes,High,79.28612835474262
L0721,Automotive,LinkedIn,730481,181,Australia,22,19,No,High,65.64941663121493
L0722,Travel,Ad Campaign,964995,145,Australia,38,12,No,High,66.43187209171029
L0723,Technology,Conference,349631,193,India,31,19,Yes,Medium,82.94276241498955
L0724,Automotive,Conference,275019,490,India,14,8,No,Low,27.47093513634308
L0725,Technology,Website,476577,53,Australia,24,6,Yes,Medium,48.25644592781433
L0726,Retail,Website,857655,306,Canada,49,3,Yes,Medium,66.98798060109155
L0727,Travel,Email,647218,373,Canada,32,18,No,High,70.41042710628086
L0728,Finance,Conference,719416,194,UK,36,18,No,Low,58.10657493096181
L0729,Healthcare,Email,340524,140,Germany,32,5,Yes,Medium,56.02481970563017
L0730,Manufacturing,Email,862467,47,UK,15,12,Yes,High,64.83584551599716
L0731,Finance,Ad Campaign,867052,408,Germany,43,10,Yes,Medium,71.24550092003744
L0732,Healthcare,Email,987381,384,India,35,12,No,Medium,55.05800934908078
L0733,Education,Cold Call,306553,357,USA,3,12,Yes,High,65.95350838955123
L0734,Media,Referral,498532,94,UK,16,19,Yes,High,77.75861783088894
L0735,Real Estate,LinkedIn,769401,299,UK,5,14,Yes,Low,53.7062992158259
L0736,Real Estate,Website,429504,345,Germany,21,12,No,Medium,44.421910324018455
L0737,Manufacturing,Cold Call,103352,249,UAE,10,10,Yes,High,61.29049377799018
L0738,Travel,LinkedIn,474127,437,India,19,18,No,High,58.99678454371359
L0739,Retail,Conference,213856,196,India,25,7,No,Low,34.09181085093775
L0740,Travel,Conference,53191,322,Singapore,4,19,Yes,Low,58.07686867577208
L0741,Retail,Conference,926968,110,UAE,29,7,No,High,60.186860758001885
L0742,Travel,Cold Call,678864,367,Germany,19,9,Yes,Low,45.58205616202734
L0743,Media,Cold Call,245713,314,India,43,15,No,High,72.60124964871056
L0744,Education,Website,492939,386,UAE,2,18,No,Medium,38.99953737843975
L0745,Education,Referral,53631,237,Australia,10,10,Yes,Low,41.56548772885914
L0746,Healthcare,Email,187244,269,UAE,43,12,Yes,Medium,77.21956334812266
L0747,Automotive,Conference,354224,348,Canada,25,8,Yes,Medium,60.62446379338319
L0748,Education,Ad Campaign,270169,41,Singapore,20,19,No,Medium,68.83576573448414
L0749,Education,Referral,664641,309,Australia,48,18,No,High,76.88807865520374
L0750,Finance,Ad Campaign,463497,45,USA,19,15,Yes,Medium,61.66596994011685
L0751,Finance,Website,602959,21,UK,23,6,Yes,Medium,56.92037045105946
L0752,Healthcare,Website,697099,348,Singapore,24,18,No,Medium,44.74172999486751
L0753,Automotive,Website,756791,281,USA,11,11,No,High,43.64333101716127
L0754,Manufacturing,LinkedIn,271972,311,UK,46,14,No,Medium,62.34865487549298
L0755,Finance,Ad Campaign,827499,63,Canada,34,13,Yes,Medium,77.31564423481198
L0756,Manufacturing,Referral,439878,427,UAE,28,10,No,Low,41.8004420742069
L0757,Technology,Referral,798321,187,India,5,9,Yes,High,54.753902711046806
L0758,Finance,Cold Call,558679,45,Australia,5,10,No,Medium,30.097628100856777
L0759,Media,Cold Call,471818,43,Germany,21,5,No,Low,20.921275546194764
L0760,Automotive,Conference,794149,401,Australia,12,1,Yes,High,43.28557336989279
L0761,Healthcare,Cold Call,887831,196,Canada,4,10,Yes,High,59.78792717295043
L0762,Technology,Website,728832,271,USA,49,18,Yes,High,92.05312488859595
L0763,Automotive,Referral,754590,498,Germany,42,5,No,High,51.53588805353166
L0764,Media,Ad Campaign,57099,151,India,20,13,No,High,47.79534394916117
L0765,Automotive,Website,823974,399,Canada,38,19,No,High,76.01372205390028
L0766,Media,LinkedIn,468647,337,Germany,25,5,Yes,Medium,64.2080097874173
L0767,Media,Cold Call,630780,131,Canada,14,16,No,Medium,39.326646552148745
L0768,Manufacturing,Website,146722,50,UAE,11,9,Yes,Medium,43.68012777885264
L0769,Travel,Website,604399,49,Canada,32,0,Yes,Medium,50.967402307943544
L0770,Technology,LinkedIn,113936,5,India,11,2,Yes,Low,33.97107759418192
L0771,Automotive,Email,727974,172,Singapore,18,7,No,Medium,35.16633627599916
L0772,Retail,Referral,273332,112,UK,27,7,No,High,45.351641247673605
L0773,Technology,Ad Campaign,775836,23,Germany,18,19,Yes,Medium,72.01721166913815
L0774,Travel,Conference,823319,336,UAE,23,14,No,Medium,50.02444786365897
L0775,Technology,Email,373064,76,India,11,6,Yes,High,61.410532551301536
L0776,Education,Cold Call,537510,460,Canada,21,10,Yes,Medium,50.87137268976197
L0777,Retail,Website,113530,449,UAE,44,6,No,Medium,46.56776252557309
L0778,Travel,LinkedIn,479440,113,India,5,3,Yes,Medium,40.867110564764396
L0779,Manufacturing,LinkedIn,319932,272,Singapore,23,11,Yes,Low,50.86017318263912
L0780,Automotive,Referral,602370,449,UAE,41,5,No,Medium,53.652625817268294
L0781,Real Estate,Email,959719,244,UAE,25,13,Yes,High,72.65538883730959
L0782,Travel,Conference,663858,421,UK,41,11,Yes,High,82.2639984339217
L0783,Healthcare,Referral,675303,305,Australia,10,10,Yes,Medium,56.69203314801381
L0784,Automotive,Website,782176,94,Germany,22,18,Yes,Medium,70.9340164426715
L0785,Travel,Referral,920020,107,UK,19,4,Yes,Medium,40.71557729588662
L0786,Education,Ad Campaign,197603,480,USA,1,13,Yes,High,58.995288052850206
L0787,Real Estate,LinkedIn,924772,254,Germany,7,15,Yes,High,73.11712759166528
L0788,Education,LinkedIn,668727,457,UK,4,12,No,Low,23.711872378963673
L0789,Real Estate,Cold Call,191214,12,Canada,1,19,No,Low,30.380073390664293
L0790,Healthcare,Cold Call,689341,157,Germany,15,3,Yes,Low,42.54887662216452
L0791,Automotive,Conference,622643,351,Germany,40,10,Yes,High,78.6253951224626
L0792,Manufacturing,Website,453082,178,India,12,16,No,Low,34.059292601995956
L0793,Education,Ad Campaign,251139,347,Canada,22,6,No,Medium,35.6903524139449
L0794,Education,Email,808994,162,USA,22,13,No,Medium,49.84945459266966
L0795,Media,Referral,699714,497,Australia,47,10,No,High,76.47355154695488
L0796,Real Estate,Conference,638315,435,UAE,17,8,No,Low,31.175922750961654
L0797,Finance,Website,501122,219,Singapore,29,12,Yes,Medium,74.50167029381068
L0798,Automotive,Cold Call,209210,181,UK,46,17,No,High,72.47553957434107
L0799,Real Estate,Referral,142601,179,India,14,10,No,Low,23.231561725791714
L0800,Media,Cold Call,79956,344,UK,20,14,No,Medium,46.66181786517402
L0801,Technology,Referral,288340,342,USA,48,18,Yes,Low,82.34465730991774
L0802,Real Estate,Email,679085,150,UAE,33,0,Yes,High,54.811517925830074
L0803,Manufacturing,Website,961349,454,USA,43,3,Yes,Low,54.18690006798799
L0804,Automotive,Referral,962735,328,Germany,15,13,Yes,High,71.70657726745709
L0805,Media,Ad Campaign,519511,482,Singapore,12,13,Yes,Low,53.67522154007429
L0806,Technology,Conference,710799,165,USA,40,2,Yes,Medium,62.169129922130814
L0807,Retail,LinkedIn,878965,131,UK,20,16,No,High,58.96287950460773
L0808,Media,Ad Campaign,471486,424,Canada,30,2,Yes,High,58.99019837926734
L0809,Retail,Ad Campaign,653103,86,Canada,38,15,Yes,High,84.38001351552056
L0810,Automotive,Conference,89279,489,Germany,3,13,No,Low,20.368293493381856
L0811,Education,LinkedIn,421931,151,Australia,28,19,Yes,Low,80.06673233878261
L0812,Media,Ad Campaign,991392,243,UK,26,12,No,Medium,46.932987591087866
L0813,Healthcare,Referral,198702,416,UK,30,14,No,High,59.348344817695995
L0814,Retail,Referral,111063,428,USA,13,13,Yes,High,63.84153905568078
L0815,Manufacturing,Referral,823887,88,Singapore,13,18,No,Low,55.05852581668722
L0816,Healthcare,LinkedIn,304311,117,UK,2,5,No,Low,7.752586476909152
L0817,Travel,Ad Campaign,702184,229,India,37,9,No,Medium,46.7193479122489
L0818,Travel,LinkedIn,740504,336,Australia,49,14,No,Medium,66.18444733932505
L0819,Technology,Referral,495377,382,USA,38,19,Yes,Low,80.26637095117036
L0820,Education,Conference,539934,247,India,2,5,No,High,33.90888691410205
L0821,Automotive,Ad Campaign,569089,147,Germany,36,9,Yes,Medium,77.2893851811664
L0822,Media,Ad Campaign,796434,45,Canada,26,6,No,Low,31.92283983476865
L0823,Finance,Cold Call,258432,427,Germany,11,16,No,Low,30.71769777245452
L0824,Manufacturing,Cold Call,232051,262,Canada,8,17,No,High,50.455338821222455
L0825,Retail,Email,147661,451,Germany,44,16,Yes,Low,77.74109526751035
L0826,Automotive,Website,974483,289,UK,40,8,Yes,Low,71.46250507326488
L0827,Healthcare,Cold Call,993693,109,India,43,9,Yes,Medium,65.54802953591289
L0828,Travel,LinkedIn,747960,206,Canada,22,9,No,Low,37.69279659701765
L0829,Manufacturing,Cold Call,502776,454,USA,20,6,No,Low,26.618154017442073
L0830,Finance,Email,521256,311,India,8,15,No,Medium,44.77132238613666
L0831,Media,Ad Campaign,173257,335,USA,29,17,No,High,64.08723372079456
L0832,Technology,Email,922637,465,India,40,5,Yes,High,68.17236960984098
L0833,Finance,Ad Campaign,319054,270,India,26,19,No,Medium,61.672731243945435
L0834,Manufacturing,Conference,883289,402,Germany,30,0,Yes,Medium,53.63950207430362
L0835,Finance,Conference,609252,214,Canada,17,0,No,High,35.26844809400473
L0836,Manufacturing,Ad Campaign,468443,55,Canada,20,11,Yes,High,69.54679583492208
L0837,Manufacturing,Website,973482,122,Singapore,16,1,Yes,High,48.37575561916874
L0838,Real Estate,Cold Call,853585,205,India,46,3,No,High,45.1061724362664
L0839,Retail,LinkedIn,371909,381,UK,43,16,No,High,75.68655484767876
L0840,Travel,LinkedIn,804444,43,UK,7,3,Yes,Medium,43.14200380319737
L0841,Real Estate,Referral,682500,32,USA,16,10,No,Low,24.756478887237666
L0842,Media,Ad Campaign,613359,263,USA,45,3,No,High,49.5949941469433
L0843,Real Estate,LinkedIn,162990,88,Germany,47,0,Yes,High,66.44171614432443
L0844,Education,Website,119519,458,India,48,6,Yes,Low,55.44651715265504
L0845,Education,Ad Campaign,59503,159,USA,27,17,Yes,Low,63.28430552503019
L0846,Travel,Website,241775,121,USA,23,8,Yes,Low,45.044059816397876
L0847,Finance,LinkedIn,669745,6,Australia,24,2,No,Low,19.78937722842283
L0848,Retail,LinkedIn,763226,97,India,9,7,Yes,Low,36.869348168932206
L0849,Travel,Referral,197977,170,UAE,35,18,Yes,Low,65.71459945581663
L0850,Manufacturing,LinkedIn,620126,391,Germany,20,3,Yes,Medium,59.09469121729424
L0851,Healthcare,Ad Campaign,961632,404,USA,37,17,No,Low,59.75787014279384
L0852,Retail,Conference,501495,354,Germany,42,19,Yes,Low,75.81918860668578
L0853,Retail,Ad Campaign,663777,300,Canada,17,10,No,Medium,39.5597439327847
L0854,Manufacturing,Ad Campaign,76806,262,Germany,47,13,Yes,Low,75.38915144266178
L0855,Manufacturing,Referral,226072,85,UAE,31,17,Yes,High,91.77712637375997
L0856,Technology,Referral,465384,429,UK,8,15,No,High,44.489144576688865
L0857,Travel,LinkedIn,120119,272,UAE,15,2,Yes,Low,41.80210212614199
L0858,Manufacturing,Email,875146,423,UK,31,14,Yes,Medium,70.34532847359476
L0859,Education,Email,235165,239,Germany,30,3,No,High,36.424877023195606
L0860,Media,Referral,891851,325,UK,46,4,Yes,Medium,70.09973757637914
L0861,Healthcare,LinkedIn,679720,315,Canada,20,16,Yes,High,83.96184797453265
L0862,Travel,Email,520641,305,India,39,6,Yes,Low,70.2907800985879
L0863,Automotive,LinkedIn,929381,467,UK,12,15,Yes,Medium,57.03252297637492
L0864,Education,LinkedIn,521027,478,UK,49,13,No,Medium,66.02091421487764
L0865,Finance,LinkedIn,969965,361,Germany,17,15,Yes,Medium,64.04336757265425
L0866,Manufacturing,Cold Call,457507,217,Canada,42,6,No,High,59.10476347743218
L0867,Automotive,Ad Campaign,752164,66,Singapore,30,8,Yes,High,63.64647812998767
L0868,Manufacturing,LinkedIn,913403,53,Singapore,29,3,No,High,36.17809526758666
L0869,Retail,Cold Call,929903,131,Singapore,19,10,Yes,Low,47.542752629602596
L0870,Education,Referral,901378,227,Singapore,46,1,No,High,50.13703290288392
L0871,Retail,Email,935421,413,India,11,11,Yes,Low,44.89770859749082
L0872,Technology,Ad Campaign,134080,283,UAE,34,11,No,Medium,53.480019302810916
L0873,Retail,Conference,302791,412,Germany,7,3,No,Medium,26.157029482267014
L0874,Technology,Email,127794,298,Germany,44,17,Yes,Low,80.77876847958875
L0875,Technology,Ad Campaign,342985,288,Australia,34,6,No,High,58.3839489394429
L0876,Automotive,Conference,174447,281,Canada,20,0,Yes,Low,38.32403110646039
L0877,Manufacturing,Email,170029,442,Singapore,38,12,Yes,Medium,68.12819099180076
L0878,Finance,Ad Campaign,229830,111,India,24,5,Yes,Medium,61.405496960817366
L0879,Retail,Email,557942,150,Canada,10,5,Yes,Low,34.99140464366711
L0880,Education,Email,388416,424,Singapore,32,11,Yes,High,81.51235028575331
L0881,Technology,Conference,611931,103,India,15,7,No,High,48.10497613111066
L0882,Manufacturing,Email,356094,433,Canada,37,18,Yes,Low,77.35755390972074
L0883,Healthcare,Email,237921,379,Germany,20,4,Yes,Low,35.07989336704463
L0884,Travel,Conference,412644,77,Germany,3,17,Yes,High,64.08777912448649
L0885,Automotive,Referral,733404,441,UAE,37,4,Yes,Medium,67.58257303259968
L0886,Finance,LinkedIn,548685,490,USA,40,9,Yes,Low,61.854708805942735
L0887,Real Estate,Website,437732,126,UAE,8,0,Yes,High,45.2958268583843
L0888,Automotive,Cold Call,590285,34,UK,40,9,No,High,62.494444314974864
L0889,Healthcare,Website,916183,192,UAE,44,4,No,Medium,48.73617929428991
L0890,Travel,Website,672893,368,Singapore,23,11,Yes,Medium,64.84405276762011
L0891,Healthcare,Ad Campaign,991415,358,Australia,40,6,No,Medium,44.920138272791334
L0892,Retail,LinkedIn,891965,292,Canada,11,8,Yes,Medium,49.80293059625765
L0893,Technology,Ad Campaign,394710,455,Australia,46,11,Yes,Medium,81.82118048521075
L0894,Finance,LinkedIn,800230,199,USA,8,0,Yes,Low,31.665806839012436
L0895,Media,Conference,719931,160,UK,29,10,Yes,High,72.2580757219379
L0896,Technology,Conference,682543,176,Canada,30,14,Yes,Low,69.88317166163596
L0897,Media,LinkedIn,834586,339,India,10,1,No,Low,11.05622577236397
L0898,Travel,Email,501157,45,Singapore,39,19,No,Low,53.619240148736196
L0899,Manufacturing,Referral,108005,67,UK,28,6,No,Low,26.82168785886673
L0900,Real Estate,Email,267322,27,Germany,49,11,No,Low,46.47471687108275
L0901,Education,Referral,239784,364,USA,36,17,Yes,Medium,79.52087150667008
L0902,Technology,Ad Campaign,617829,79,UK,13,2,No,Medium,29.285699801992457
L0903,Finance,Referral,73387,52,Singapore,32,6,Yes,High,65.04004504006764
L0904,Healthcare,Ad Campaign,930412,164,UAE,36,10,No,Low,42.77266881583165
L0905,Finance,Conference,754268,317,UK,37,17,No,High,66.21171975951061
L0906,Travel,Website,135457,122,UAE,26,11,No,Medium,43.985243193213165
L0907,Media,Conference,194129,104,Singapore,22,5,No,Medium,25.813918537281047
L0908,Healthcare,Conference,638316,384,Germany,4,4,Yes,Medium,39.66207791973826
L0909,Education,Website,693534,421,Canada,31,0,No,Low,22.011064937709886
L0910,Education,Referral,367875,412,India,18,11,No,Low,35.09026893607536
L0911,Technology,Referral,730218,171,Germany,38,10,Yes,Medium,72.17118437293635
L0912,Travel,Ad Campaign,229761,294,UAE,24,3,Yes,High,53.43875903152334
L0913,Manufacturing,Email,618926,444,UAE,23,17,No,High,66.34472913643683
L0914,Travel,Ad Campaign,534814,160,India,22,3,Yes,Medium,51.25774506147518
L0915,Media,Email,227558,425,Canada,2,16,Yes,High,67.47961527654265
L0916,Finance,Conference,594855,11,UK,31,1,Yes,Medium,52.512627438230055
L0917,Education,Website,472955,200,India,11,1,No,High,25.724854009860973
L0918,Finance,Conference,632092,425,USA,28,11,Yes,Medium,67.60028989423235
L0919,Finance,LinkedIn,420965,60,USA,46,5,No,High,58.43594432787062
L0920,Finance,Referral,53754,325,Singapore,32,9,No,Low,29.067884593755576
L0921,Education,Email,601332,197,Germany,5,15,No,Medium,36.051630829381224
L0922,Automotive,Ad Campaign,117260,51,UAE,38,13,No,Medium,54.51688705990471
L0923,Retail,Website,116912,152,Canada,10,6,Yes,High,56.87698621858954
L0924,Media,Email,306695,279,Singapore,40,18,No,Medium,70.87740357958192
L0925,Automotive,Ad Campaign,582994,161,Germany,46,16,Yes,Medium,81.56771912787538
L0926,Media,Referral,845326,206,Germany,24,8,No,Medium,36.83564726429962
L0927,Healthcare,Conference,985541,448,Singapore,35,12,Yes,Low,61.81326929639131
L0928,Travel,Referral,396130,406,Australia,44,4,No,Low,33.24692703336559
L0929,Travel,Cold Call,918374,480,Germany,48,4,Yes,High,73.96761210016372
L0930,Real Estate,LinkedIn,756972,423,Australia,23,9,No,Low,36.14617006879055
L0931,Travel,Cold Call,79725,431,USA,17,9,No,High,39.34951210427387
L0932,Education,Website,186998,499,USA,1,6,Yes,Low,36.22500108425002
L0933,Manufacturing,Email,154555,483,Germany,31,14,No,High,52.575343844537755
L0934,Technology,Website,311486,479,USA,31,6,No,Low,29.646586065049984
L0935,Real Estate,Conference,845928,130,Canada,42,14,No,Low,50.17210237109052
L0936,Technology,Ad Campaign,630735,399,Australia,42,2,Yes,High,77.24647881569814
L0937,Media,Referral,938036,309,Australia,34,18,No,Medium,59.863367638427746
L0938,Technology,Cold Call,735166,373,Germany,9,9,No,Medium,20.714513030167534
L0939,Technology,Cold Call,924631,298,USA,22,14,Yes,Low,49.58020637869053
L0940,Real Estate,Conference,615609,68,India,13,2,Yes,High,51.287226342044896
L0941,Healthcare,Cold Call,827401,329,UAE,25,5,Yes,Medium,58.2697135700344
L0942,Finance,Conference,283103,396,Singapore,48,11,Yes,High,88.63345544280865
L0943,Travel,Website,465872,422,Singapore,18,14,Yes,Medium,65.963521850165
L0944,Travel,Referral,105147,180,Australia,12,5,No,High,41.052973605143805
L0945,Education,Email,665684,120,Germany,40,12,No,Low,44.739208235734324
L0946,Real Estate,Ad Campaign,492882,444,Germany,17,18,No,High,63.30376867701919
L0947,Education,Email,525584,208,Canada,15,2,Yes,Medium,36.18149378109777
L0948,Manufacturing,Website,350931,490,UK,42,7,No,Low,36.24217812854275
L0949,Manufacturing,Ad Campaign,294839,325,UAE,15,7,Yes,High,51.20109807367604
L0950,Education,Cold Call,506162,35,UK,15,19,Yes,Medium,69.80944696603879
L0951,Real Estate,LinkedIn,596015,392,Australia,39,14,No,Low,49.75150809197119
L0952,Education,Website,813711,117,Singapore,13,3,Yes,High,53.26653323986515
L0953,Travel,Website,145081,369,Canada,17,18,Yes,Medium,71.13863266132076
L0954,Automotive,Referral,434865,438,Canada,32,2,No,High,38.11196481747734
L0955,Retail,Email,815418,329,Canada,9,12,Yes,High,63.5063682806192
L0956,Technology,Website,642344,418,Australia,40,7,Yes,Low,52.05519415428597
L0957,Retail,Website,708441,380,UK,20,15,No,Low,46.745253361160714
L0958,Real Estate,Cold Call,739556,348,Singapore,26,12,Yes,Medium,65.34760540350139
L0959,Retail,Cold Call,742095,447,Canada,27,2,Yes,Low,41.244076386521606
L0960,Manufacturing,Ad Campaign,810109,71,Singapore,21,15,No,Medium,56.48605502567906
L0961,Media,Conference,130102,79,USA,18,8,No,High,37.44075444288758
L0962,Technology,Conference,206570,49,Germany,13,13,No,High,42.85756389278322
L0963,Finance,LinkedIn,651153,264,Germany,16,12,No,Medium,35.262185164056746
L0964,Real Estate,Conference,737016,158,Singapore,9,6,Yes,High,54.64453138366156
L0965,Technology,Referral,117695,159,India,12,14,Yes,Low,55.61036008159292
L0966,Retail,LinkedIn,481116,434,India,44,6,No,High,60.110837061319565
L0967,Manufacturing,Ad Campaign,571608,367,Australia,38,5,Yes,Low,68.02001955202908
L0968,Healthcare,Cold Call,167235,452,Australia,19,1,Yes,Medium,33.96443815864173
L0969,Automotive,Conference,490917,479,Germany,7,8,No,Medium,31.96097117870479
L0970,Finance,Email,683065,238,USA,35,16,No,High,63.90607646044711
L0971,Automotive,Cold Call,69033,55,UAE,48,4,Yes,High,72.77146883128117
L0972,Technology,Referral,566409,310,UK,18,11,No,Low,29.289968574627494
L0973,Manufacturing,Cold Call,716165,266,UK,16,0,No,Low,9.252070013307073
L0974,Manufacturing,Referral,741211,319,Australia,39,9,No,High,66.5107015092149
L0975,Retail,Referral,601120,129,USA,4,10,Yes,High,62.44993991111677
L0976,Travel,Referral,244509,403,Australia,25,15,No,Medium,51.106312868082256
L0977,Retail,Ad Campaign,427869,249,UAE,32,13,Yes,Medium,78.87323128660256
L0978,Travel,Referral,195016,34,UK,40,7,Yes,Medium,59.97978267082034
L0979,Travel,Referral,332017,430,Singapore,13,16,Yes,High,66.56881591155158
L0980,Finance,Email,614660,489,Australia,45,17,No,High,63.50328701034772
L0981,Retail,LinkedIn,139464,126,Canada,17,11,No,High,44.27951161732127
L0982,Healthcare,Website,720739,129,Singapore,49,16,No,Medium,68.0716505282606
L0983,Education,LinkedIn,167322,41,UAE,37,13,No,High,63.69366990362514
L0984,Education,Referral,742111,174,UAE,6,15,No,Low,32.10438946937029
L0985,Retail,Email,936514,128,Australia,19,13,Yes,High,65.10368469536776
L0986,Retail,Cold Call,795182,361,Germany,13,8,Yes,High,64.60653633390791
L0987,Automotive,Email,841542,39,Australia,26,3,Yes,High,61.85334704339692
L0988,Finance,Referral,497557,91,Germany,14,10,No,High,48.026173662969086
L0989,Retail,Email,848519,138,UAE,31,5,Yes,High,57.4105177908897
L0990,Automotive,Conference,466978,200,USA,4,14,Yes,Low,50.11169704372042
L0991,Travel,Email,919049,278,UAE,39,4,No,Low,28.25451429450474
L0992,Manufacturing,Referral,674771,205,UK,8,10,No,High,38.70081660512719
L0993,Manufacturing,Ad Campaign,573886,373,Singapore,25,17,Yes,Medium,76.8200522053194
L0994,Travel,Conference,583884,289,Singapore,13,12,Yes,High,67.36202012580158
L0995,Real Estate,Email,284627,81,India,32,10,No,High,51.12361052000781
L0996,Automotive,Website,681827,63,India,38,13,No,High,63.822987692844755
L0997,Automotive,Website,592601,435,UAE,38,17,No,Medium,54.44973480938866
L0998,Travel,Email,949607,130,UK,28,18,No,Medium,63.31524675392757
L0999,Healthcare,Ad Campaign,771909,405,India,30,14,Yes,Medium,71.446189999189
L1000,Media,Cold Call,164914,113,Singapore,3,8,Yes,Low,44.0610633625226
