product_name,description,features,target_audience,highlight_features,sales_strategy
EcoClean Home,Eco-friendly cleaning spray for multipurpose use.,"Non-toxic, Biodegradable, Fresh scent",Students,automation,YouTube reviews
SmartCRM Pro,AI-powered CRM software for sales teams.,"Lead tracking, Email automation, Pipeline analytics",B2B sales teams,AI personalization,Campus promotions
SmartCRM Pro,AI-powered CRM software for sales teams.,"Lead tracking, Email automation, Pipeline analytics",Students,AI personalization,Email campaigns
EcoClean Home,Eco-friendly cleaning spray for multipurpose use.,"Non-toxic, Biodegradable, Fresh scent",Students,eco-safety,YouTube reviews
SmartCRM Pro,AI-powered CRM software for sales teams.,"Lead tracking, Email automation, Pipeline analytics",Eco-friendly families,health tracking,Email campaigns
SmartCRM Pro,AI-powered CRM software for sales teams.,"Lead tracking, Email automation, Pipeline analytics",Students,AI personalization,YouTube reviews
EcoClean Home,Eco-friendly cleaning spray for multipurpose use.,"Non-toxic, Biodegradable, Fresh scent",Students,automation,Campus promotions
FoodieBox,Subscription box delivering gourmet snacks monthly.,"Global snacks, Vegan options, Personalized picks",Snack lovers,automation,Instagram influencers
FitTrack Wear,Smart fitness tracker for health monitoring.,"Heart rate, Sleep tracking, Water resistance",B2B sales teams,variety,Instagram influencers
StudyGenius,AI learning assistant for students.,"Note generation, Quiz creation, Progress tracking",Snack lovers,automation,Campus promotions
EcoClean Home,Eco-friendly cleaning spray for multipurpose use.,"Non-toxic, Biodegradable, Fresh scent",Eco-friendly families,eco-safety,Instagram influencers
EcoClean Home,Eco-friendly cleaning spray for multipurpose use.,"Non-toxic, Biodegradable, Fresh scent",Snack lovers,automation,Instagram influencers
FitTrack Wear,Smart fitness tracker for health monitoring.,"Heart rate, Sleep tracking, Water resistance",Health-conscious individuals,variety,YouTube reviews
EcoClean Home,Eco-friendly cleaning spray for multipurpose use.,"Non-toxic, Biodegradable, Fresh scent",Students,automation,Email campaigns
EcoClean Home,Eco-friendly cleaning spray for multipurpose use.,"Non-toxic, Biodegradable, Fresh scent",Snack lovers,automation,YouTube reviews
SmartCRM Pro,AI-powered CRM software for sales teams.,"Lead tracking, Email automation, Pipeline analytics",Students,automation,LinkedIn ads
EcoClean Home,Eco-friendly cleaning spray for multipurpose use.,"Non-toxic, Biodegradable, Fresh scent",B2B sales teams,health tracking,Email campaigns
SmartCRM Pro,AI-powered CRM software for sales teams.,"Lead tracking, Email automation, Pipeline analytics",Students,eco-safety,LinkedIn ads
StudyGenius,AI learning assistant for students.,"Note generation, Quiz creation, Progress tracking",Snack lovers,variety,Campus promotions
FitTrack Wear,Smart fitness tracker for health monitoring.,"Heart rate, Sleep tracking, Water resistance",B2B sales teams,AI personalization,Campus promotions
SmartCRM Pro,AI-powered CRM software for sales teams.,"Lead tracking, Email automation, Pipeline analytics",Students,eco-safety,Email campaigns
StudyGenius,AI learning assistant for students.,"Note generation, Quiz creation, Progress tracking",Students,health tracking,Campus promotions
StudyGenius,AI learning assistant for students.,"Note generation, Quiz creation, Progress tracking",Health-conscious individuals,automation,Instagram influencers
FoodieBox,Subscription box delivering gourmet snacks monthly.,"Global snacks, Vegan options, Personalized picks",Eco-friendly families,health tracking,LinkedIn ads
SmartCRM Pro,AI-powered CRM software for sales teams.,"Lead tracking, Email automation, Pipeline analytics",Students,eco-safety,Email campaigns
SmartCRM Pro,AI-powered CRM software for sales teams.,"Lead tracking, Email automation, Pipeline analytics",B2B sales teams,variety,Instagram influencers
StudyGenius,AI learning assistant for students.,"Note generation, Quiz creation, Progress tracking",B2B sales teams,variety,YouTube reviews
SmartCRM Pro,AI-powered CRM software for sales teams.,"Lead tracking, Email automation, Pipeline analytics",Students,variety,Instagram influencers
SmartCRM Pro,AI-powered CRM software for sales teams.,"Lead tracking, Email automation, Pipeline analytics",Health-conscious individuals,eco-safety,LinkedIn ads
SmartCRM Pro,AI-powered CRM software for sales teams.,"Lead tracking, Email automation, Pipeline analytics",Students,health tracking,Instagram influencers
StudyGenius,AI learning assistant for students.,"Note generation, Quiz creation, Progress tracking",Eco-friendly families,AI personalization,Email campaigns
FoodieBox,Subscription box delivering gourmet snacks monthly.,"Global snacks, Vegan options, Personalized picks",Health-conscious individuals,health tracking,Instagram influencers
FoodieBox,Subscription box delivering gourmet snacks monthly.,"Global snacks, Vegan options, Personalized picks",Students,health tracking,LinkedIn ads
FitTrack Wear,Smart fitness tracker for health monitoring.,"Heart rate, Sleep tracking, Water resistance",Snack lovers,health tracking,LinkedIn ads
EcoClean Home,Eco-friendly cleaning spray for multipurpose use.,"Non-toxic, Biodegradable, Fresh scent",Students,variety,Email campaigns
FoodieBox,Subscription box delivering gourmet snacks monthly.,"Global snacks, Vegan options, Personalized picks",Students,AI personalization,Instagram influencers
FoodieBox,Subscription box delivering gourmet snacks monthly.,"Global snacks, Vegan options, Personalized picks",B2B sales teams,variety,Email campaigns
StudyGenius,AI learning assistant for students.,"Note generation, Quiz creation, Progress tracking",Snack lovers,AI personalization,Campus promotions
EcoClean Home,Eco-friendly cleaning spray for multipurpose use.,"Non-toxic, Biodegradable, Fresh scent",Snack lovers,variety,YouTube reviews
FoodieBox,Subscription box delivering gourmet snacks monthly.,"Global snacks, Vegan options, Personalized picks",B2B sales teams,health tracking,LinkedIn ads
FitTrack Wear,Smart fitness tracker for health monitoring.,"Heart rate, Sleep tracking, Water resistance",Students,variety,Instagram influencers
StudyGenius,AI learning assistant for students.,"Note generation, Quiz creation, Progress tracking",Health-conscious individuals,health tracking,YouTube reviews
EcoClean Home,Eco-friendly cleaning spray for multipurpose use.,"Non-toxic, Biodegradable, Fresh scent",B2B sales teams,AI personalization,Instagram influencers
FoodieBox,Subscription box delivering gourmet snacks monthly.,"Global snacks, Vegan options, Personalized picks",B2B sales teams,variety,LinkedIn ads
SmartCRM Pro,AI-powered CRM software for sales teams.,"Lead tracking, Email automation, Pipeline analytics",Eco-friendly families,health tracking,LinkedIn ads
StudyGenius,AI learning assistant for students.,"Note generation, Quiz creation, Progress tracking",Snack lovers,automation,Instagram influencers
SmartCRM Pro,AI-powered CRM software for sales teams.,"Lead tracking, Email automation, Pipeline analytics",Health-conscious individuals,automation,Campus promotions
StudyGenius,AI learning assistant for students.,"Note generation, Quiz creation, Progress tracking",B2B sales teams,automation,Campus promotions
StudyGenius,AI learning assistant for students.,"Note generation, Quiz creation, Progress tracking",Snack lovers,variety,Email campaigns
SmartCRM Pro,AI-powered CRM software for sales teams.,"Lead tracking, Email automation, Pipeline analytics",Snack lovers,eco-safety,Email campaigns
FitTrack Wear,Smart fitness tracker for health monitoring.,"Heart rate, Sleep tracking, Water resistance",Eco-friendly families,AI personalization,Instagram influencers
StudyGenius,AI learning assistant for students.,"Note generation, Quiz creation, Progress tracking",B2B sales teams,health tracking,LinkedIn ads
StudyGenius,AI learning assistant for students.,"Note generation, Quiz creation, Progress tracking",Snack lovers,AI personalization,Campus promotions
StudyGenius,AI learning assistant for students.,"Note generation, Quiz creation, Progress tracking",Eco-friendly families,health tracking,YouTube reviews
StudyGenius,AI learning assistant for students.,"Note generation, Quiz creation, Progress tracking",Snack lovers,health tracking,Campus promotions
SmartCRM Pro,AI-powered CRM software for sales teams.,"Lead tracking, Email automation, Pipeline analytics",Snack lovers,AI personalization,Instagram influencers
EcoClean Home,Eco-friendly cleaning spray for multipurpose use.,"Non-toxic, Biodegradable, Fresh scent",Students,eco-safety,YouTube reviews
FoodieBox,Subscription box delivering gourmet snacks monthly.,"Global snacks, Vegan options, Personalized picks",Snack lovers,health tracking,LinkedIn ads
FoodieBox,Subscription box delivering gourmet snacks monthly.,"Global snacks, Vegan options, Personalized picks",Eco-friendly families,health tracking,Email campaigns
StudyGenius,AI learning assistant for students.,"Note generation, Quiz creation, Progress tracking",Eco-friendly families,automation,YouTube reviews
SmartCRM Pro,AI-powered CRM software for sales teams.,"Lead tracking, Email automation, Pipeline analytics",Eco-friendly families,eco-safety,YouTube reviews
SmartCRM Pro,AI-powered CRM software for sales teams.,"Lead tracking, Email automation, Pipeline analytics",B2B sales teams,AI personalization,Campus promotions
EcoClean Home,Eco-friendly cleaning spray for multipurpose use.,"Non-toxic, Biodegradable, Fresh scent",Snack lovers,automation,YouTube reviews
StudyGenius,AI learning assistant for students.,"Note generation, Quiz creation, Progress tracking",Snack lovers,AI personalization,Campus promotions
StudyGenius,AI learning assistant for students.,"Note generation, Quiz creation, Progress tracking",Eco-friendly families,AI personalization,Instagram influencers
StudyGenius,AI learning assistant for students.,"Note generation, Quiz creation, Progress tracking",Snack lovers,AI personalization,Instagram influencers
StudyGenius,AI learning assistant for students.,"Note generation, Quiz creation, Progress tracking",Students,variety,Email campaigns
StudyGenius,AI learning assistant for students.,"Note generation, Quiz creation, Progress tracking",Eco-friendly families,AI personalization,LinkedIn ads
EcoClean Home,Eco-friendly cleaning spray for multipurpose use.,"Non-toxic, Biodegradable, Fresh scent",B2B sales teams,variety,Campus promotions
SmartCRM Pro,AI-powered CRM software for sales teams.,"Lead tracking, Email automation, Pipeline analytics",Snack lovers,automation,Instagram influencers
FitTrack Wear,Smart fitness tracker for health monitoring.,"Heart rate, Sleep tracking, Water resistance",Students,variety,Instagram influencers
SmartCRM Pro,AI-powered CRM software for sales teams.,"Lead tracking, Email automation, Pipeline analytics",B2B sales teams,variety,LinkedIn ads
StudyGenius,AI learning assistant for students.,"Note generation, Quiz creation, Progress tracking",B2B sales teams,eco-safety,Instagram influencers
EcoClean Home,Eco-friendly cleaning spray for multipurpose use.,"Non-toxic, Biodegradable, Fresh scent",Students,health tracking,Email campaigns
FitTrack Wear,Smart fitness tracker for health monitoring.,"Heart rate, Sleep tracking, Water resistance",Snack lovers,eco-safety,LinkedIn ads
SmartCRM Pro,AI-powered CRM software for sales teams.,"Lead tracking, Email automation, Pipeline analytics",Health-conscious individuals,AI personalization,YouTube reviews
FitTrack Wear,Smart fitness tracker for health monitoring.,"Heart rate, Sleep tracking, Water resistance",Students,eco-safety,Instagram influencers
FoodieBox,Subscription box delivering gourmet snacks monthly.,"Global snacks, Vegan options, Personalized picks",Eco-friendly families,automation,Campus promotions
FoodieBox,Subscription box delivering gourmet snacks monthly.,"Global snacks, Vegan options, Personalized picks",B2B sales teams,AI personalization,LinkedIn ads
SmartCRM Pro,AI-powered CRM software for sales teams.,"Lead tracking, Email automation, Pipeline analytics",B2B sales teams,AI personalization,LinkedIn ads
SmartCRM Pro,AI-powered CRM software for sales teams.,"Lead tracking, Email automation, Pipeline analytics",Eco-friendly families,automation,Email campaigns
StudyGenius,AI learning assistant for students.,"Note generation, Quiz creation, Progress tracking",B2B sales teams,automation,Email campaigns
FitTrack Wear,Smart fitness tracker for health monitoring.,"Heart rate, Sleep tracking, Water resistance",Students,AI personalization,Email campaigns
FitTrack Wear,Smart fitness tracker for health monitoring.,"Heart rate, Sleep tracking, Water resistance",B2B sales teams,eco-safety,Instagram influencers
FitTrack Wear,Smart fitness tracker for health monitoring.,"Heart rate, Sleep tracking, Water resistance",Snack lovers,automation,Instagram influencers
StudyGenius,AI learning assistant for students.,"Note generation, Quiz creation, Progress tracking",Snack lovers,AI personalization,LinkedIn ads
FitTrack Wear,Smart fitness tracker for health monitoring.,"Heart rate, Sleep tracking, Water resistance",Students,eco-safety,LinkedIn ads
FitTrack Wear,Smart fitness tracker for health monitoring.,"Heart rate, Sleep tracking, Water resistance",B2B sales teams,automation,Email campaigns
FitTrack Wear,Smart fitness tracker for health monitoring.,"Heart rate, Sleep tracking, Water resistance",B2B sales teams,health tracking,Campus promotions
StudyGenius,AI learning assistant for students.,"Note generation, Quiz creation, Progress tracking",Eco-friendly families,variety,LinkedIn ads
EcoClean Home,Eco-friendly cleaning spray for multipurpose use.,"Non-toxic, Biodegradable, Fresh scent",Snack lovers,health tracking,Campus promotions
FitTrack Wear,Smart fitness tracker for health monitoring.,"Heart rate, Sleep tracking, Water resistance",Students,variety,Email campaigns
EcoClean Home,Eco-friendly cleaning spray for multipurpose use.,"Non-toxic, Biodegradable, Fresh scent",Eco-friendly families,health tracking,LinkedIn ads
StudyGenius,AI learning assistant for students.,"Note generation, Quiz creation, Progress tracking",Eco-friendly families,AI personalization,LinkedIn ads
FitTrack Wear,Smart fitness tracker for health monitoring.,"Heart rate, Sleep tracking, Water resistance",Eco-friendly families,eco-safety,Email campaigns
StudyGenius,AI learning assistant for students.,"Note generation, Quiz creation, Progress tracking",Eco-friendly families,AI personalization,Campus promotions
EcoClean Home,Eco-friendly cleaning spray for multipurpose use.,"Non-toxic, Biodegradable, Fresh scent",Snack lovers,AI personalization,Campus promotions
FoodieBox,Subscription box delivering gourmet snacks monthly.,"Global snacks, Vegan options, Personalized picks",B2B sales teams,health tracking,Instagram influencers
FitTrack Wear,Smart fitness tracker for health monitoring.,"Heart rate, Sleep tracking, Water resistance",B2B sales teams,eco-safety,Email campaigns
SmartCRM Pro,AI-powered CRM software for sales teams.,"Lead tracking, Email automation, Pipeline analytics",B2B sales teams,automation,Campus promotions
StudyGenius,AI learning assistant for students.,"Note generation, Quiz creation, Progress tracking",Snack lovers,health tracking,Campus promotions
EcoClean Home,Eco-friendly cleaning spray for multipurpose use.,"Non-toxic, Biodegradable, Fresh scent",Students,variety,LinkedIn ads
SmartCRM Pro,AI-powered CRM software for sales teams.,"Lead tracking, Email automation, Pipeline analytics",Snack lovers,eco-safety,Instagram influencers
EcoClean Home,Eco-friendly cleaning spray for multipurpose use.,"Non-toxic, Biodegradable, Fresh scent",Students,AI personalization,LinkedIn ads
EcoClean Home,Eco-friendly cleaning spray for multipurpose use.,"Non-toxic, Biodegradable, Fresh scent",Students,AI personalization,Instagram influencers
FoodieBox,Subscription box delivering gourmet snacks monthly.,"Global snacks, Vegan options, Personalized picks",Students,automation,Email campaigns
EcoClean Home,Eco-friendly cleaning spray for multipurpose use.,"Non-toxic, Biodegradable, Fresh scent",Students,eco-safety,YouTube reviews
FoodieBox,Subscription box delivering gourmet snacks monthly.,"Global snacks, Vegan options, Personalized picks",Students,health tracking,LinkedIn ads
FitTrack Wear,Smart fitness tracker for health monitoring.,"Heart rate, Sleep tracking, Water resistance",Eco-friendly families,AI personalization,Instagram influencers
StudyGenius,AI learning assistant for students.,"Note generation, Quiz creation, Progress tracking",Health-conscious individuals,AI personalization,YouTube reviews
EcoClean Home,Eco-friendly cleaning spray for multipurpose use.,"Non-toxic, Biodegradable, Fresh scent",B2B sales teams,automation,LinkedIn ads
SmartCRM Pro,AI-powered CRM software for sales teams.,"Lead tracking, Email automation, Pipeline analytics",Students,automation,Instagram influencers
FoodieBox,Subscription box delivering gourmet snacks monthly.,"Global snacks, Vegan options, Personalized picks",Snack lovers,automation,Instagram influencers
StudyGenius,AI learning assistant for students.,"Note generation, Quiz creation, Progress tracking",Students,AI personalization,Instagram influencers
FitTrack Wear,Smart fitness tracker for health monitoring.,"Heart rate, Sleep tracking, Water resistance",Eco-friendly families,AI personalization,Campus promotions
EcoClean Home,Eco-friendly cleaning spray for multipurpose use.,"Non-toxic, Biodegradable, Fresh scent",Eco-friendly families,variety,LinkedIn ads
FitTrack Wear,Smart fitness tracker for health monitoring.,"Heart rate, Sleep tracking, Water resistance",Students,variety,Email campaigns
FitTrack Wear,Smart fitness tracker for health monitoring.,"Heart rate, Sleep tracking, Water resistance",Snack lovers,eco-safety,Campus promotions
FitTrack Wear,Smart fitness tracker for health monitoring.,"Heart rate, Sleep tracking, Water resistance",Eco-friendly families,variety,YouTube reviews
StudyGenius,AI learning assistant for students.,"Note generation, Quiz creation, Progress tracking",Snack lovers,health tracking,Campus promotions
EcoClean Home,Eco-friendly cleaning spray for multipurpose use.,"Non-toxic, Biodegradable, Fresh scent",Snack lovers,variety,YouTube reviews
StudyGenius,AI learning assistant for students.,"Note generation, Quiz creation, Progress tracking",Snack lovers,eco-safety,YouTube reviews
StudyGenius,AI learning assistant for students.,"Note generation, Quiz creation, Progress tracking",Eco-friendly families,variety,LinkedIn ads
StudyGenius,AI learning assistant for students.,"Note generation, Quiz creation, Progress tracking",Health-conscious individuals,automation,LinkedIn ads
FoodieBox,Subscription box delivering gourmet snacks monthly.,"Global snacks, Vegan options, Personalized picks",Health-conscious individuals,variety,Email campaigns
FoodieBox,Subscription box delivering gourmet snacks monthly.,"Global snacks, Vegan options, Personalized picks",B2B sales teams,eco-safety,Instagram influencers
SmartCRM Pro,AI-powered CRM software for sales teams.,"Lead tracking, Email automation, Pipeline analytics",Health-conscious individuals,AI personalization,Email campaigns
FoodieBox,Subscription box delivering gourmet snacks monthly.,"Global snacks, Vegan options, Personalized picks",Health-conscious individuals,health tracking,Campus promotions
SmartCRM Pro,AI-powered CRM software for sales teams.,"Lead tracking, Email automation, Pipeline analytics",Eco-friendly families,automation,YouTube reviews
SmartCRM Pro,AI-powered CRM software for sales teams.,"Lead tracking, Email automation, Pipeline analytics",B2B sales teams,eco-safety,Email campaigns
SmartCRM Pro,AI-powered CRM software for sales teams.,"Lead tracking, Email automation, Pipeline analytics",Students,variety,Email campaigns
FoodieBox,Subscription box delivering gourmet snacks monthly.,"Global snacks, Vegan options, Personalized picks",Students,AI personalization,Campus promotions
SmartCRM Pro,AI-powered CRM software for sales teams.,"Lead tracking, Email automation, Pipeline analytics",B2B sales teams,health tracking,Campus promotions
FitTrack Wear,Smart fitness tracker for health monitoring.,"Heart rate, Sleep tracking, Water resistance",Eco-friendly families,AI personalization,Instagram influencers
FoodieBox,Subscription box delivering gourmet snacks monthly.,"Global snacks, Vegan options, Personalized picks",Snack lovers,variety,Instagram influencers
EcoClean Home,Eco-friendly cleaning spray for multipurpose use.,"Non-toxic, Biodegradable, Fresh scent",Snack lovers,health tracking,Campus promotions
EcoClean Home,Eco-friendly cleaning spray for multipurpose use.,"Non-toxic, Biodegradable, Fresh scent",B2B sales teams,AI personalization,Email campaigns
FitTrack Wear,Smart fitness tracker for health monitoring.,"Heart rate, Sleep tracking, Water resistance",Students,variety,Instagram influencers
FoodieBox,Subscription box delivering gourmet snacks monthly.,"Global snacks, Vegan options, Personalized picks",Eco-friendly families,variety,LinkedIn ads
FitTrack Wear,Smart fitness tracker for health monitoring.,"Heart rate, Sleep tracking, Water resistance",Eco-friendly families,eco-safety,Email campaigns
FitTrack Wear,Smart fitness tracker for health monitoring.,"Heart rate, Sleep tracking, Water resistance",Students,AI personalization,YouTube reviews
FitTrack Wear,Smart fitness tracker for health monitoring.,"Heart rate, Sleep tracking, Water resistance",Health-conscious individuals,automation,LinkedIn ads
SmartCRM Pro,AI-powered CRM software for sales teams.,"Lead tracking, Email automation, Pipeline analytics",Eco-friendly families,eco-safety,Campus promotions
StudyGenius,AI learning assistant for students.,"Note generation, Quiz creation, Progress tracking",Health-conscious individuals,health tracking,Campus promotions
SmartCRM Pro,AI-powered CRM software for sales teams.,"Lead tracking, Email automation, Pipeline analytics",B2B sales teams,AI personalization,LinkedIn ads
StudyGenius,AI learning assistant for students.,"Note generation, Quiz creation, Progress tracking",Snack lovers,eco-safety,Email campaigns
FitTrack Wear,Smart fitness tracker for health monitoring.,"Heart rate, Sleep tracking, Water resistance",Students,variety,Email campaigns
FoodieBox,Subscription box delivering gourmet snacks monthly.,"Global snacks, Vegan options, Personalized picks",B2B sales teams,health tracking,YouTube reviews
SmartCRM Pro,AI-powered CRM software for sales teams.,"Lead tracking, Email automation, Pipeline analytics",B2B sales teams,health tracking,Instagram influencers
EcoClean Home,Eco-friendly cleaning spray for multipurpose use.,"Non-toxic, Biodegradable, Fresh scent",Health-conscious individuals,variety,Campus promotions
SmartCRM Pro,AI-powered CRM software for sales teams.,"Lead tracking, Email automation, Pipeline analytics",B2B sales teams,automation,YouTube reviews
FitTrack Wear,Smart fitness tracker for health monitoring.,"Heart rate, Sleep tracking, Water resistance",B2B sales teams,automation,Instagram influencers
FoodieBox,Subscription box delivering gourmet snacks monthly.,"Global snacks, Vegan options, Personalized picks",Eco-friendly families,health tracking,Instagram influencers
FoodieBox,Subscription box delivering gourmet snacks monthly.,"Global snacks, Vegan options, Personalized picks",Students,automation,Instagram influencers
FitTrack Wear,Smart fitness tracker for health monitoring.,"Heart rate, Sleep tracking, Water resistance",Health-conscious individuals,automation,YouTube reviews
EcoClean Home,Eco-friendly cleaning spray for multipurpose use.,"Non-toxic, Biodegradable, Fresh scent",Health-conscious individuals,variety,YouTube reviews
EcoClean Home,Eco-friendly cleaning spray for multipurpose use.,"Non-toxic, Biodegradable, Fresh scent",B2B sales teams,health tracking,Campus promotions
EcoClean Home,Eco-friendly cleaning spray for multipurpose use.,"Non-toxic, Biodegradable, Fresh scent",Students,variety,LinkedIn ads
EcoClean Home,Eco-friendly cleaning spray for multipurpose use.,"Non-toxic, Biodegradable, Fresh scent",Health-conscious individuals,health tracking,Email campaigns
FoodieBox,Subscription box delivering gourmet snacks monthly.,"Global snacks, Vegan options, Personalized picks",B2B sales teams,eco-safety,YouTube reviews
StudyGenius,AI learning assistant for students.,"Note generation, Quiz creation, Progress tracking",Snack lovers,automation,Campus promotions
EcoClean Home,Eco-friendly cleaning spray for multipurpose use.,"Non-toxic, Biodegradable, Fresh scent",Snack lovers,health tracking,YouTube reviews
FoodieBox,Subscription box delivering gourmet snacks monthly.,"Global snacks, Vegan options, Personalized picks",Health-conscious individuals,eco-safety,Instagram influencers
StudyGenius,AI learning assistant for students.,"Note generation, Quiz creation, Progress tracking",Health-conscious individuals,AI personalization,Email campaigns
FoodieBox,Subscription box delivering gourmet snacks monthly.,"Global snacks, Vegan options, Personalized picks",Health-conscious individuals,variety,Email campaigns
StudyGenius,AI learning assistant for students.,"Note generation, Quiz creation, Progress tracking",Snack lovers,AI personalization,Campus promotions
FoodieBox,Subscription box delivering gourmet snacks monthly.,"Global snacks, Vegan options, Personalized picks",Students,AI personalization,LinkedIn ads
FoodieBox,Subscription box delivering gourmet snacks monthly.,"Global snacks, Vegan options, Personalized picks",Snack lovers,AI personalization,Campus promotions
SmartCRM Pro,AI-powered CRM software for sales teams.,"Lead tracking, Email automation, Pipeline analytics",Snack lovers,variety,Email campaigns
SmartCRM Pro,AI-powered CRM software for sales teams.,"Lead tracking, Email automation, Pipeline analytics",Snack lovers,eco-safety,Campus promotions
FitTrack Wear,Smart fitness tracker for health monitoring.,"Heart rate, Sleep tracking, Water resistance",Eco-friendly families,variety,Campus promotions
SmartCRM Pro,AI-powered CRM software for sales teams.,"Lead tracking, Email automation, Pipeline analytics",B2B sales teams,eco-safety,Email campaigns
EcoClean Home,Eco-friendly cleaning spray for multipurpose use.,"Non-toxic, Biodegradable, Fresh scent",B2B sales teams,variety,Campus promotions
FoodieBox,Subscription box delivering gourmet snacks monthly.,"Global snacks, Vegan options, Personalized picks",Health-conscious individuals,variety,Email campaigns
StudyGenius,AI learning assistant for students.,"Note generation, Quiz creation, Progress tracking",Students,eco-safety,LinkedIn ads
FoodieBox,Subscription box delivering gourmet snacks monthly.,"Global snacks, Vegan options, Personalized picks",Health-conscious individuals,eco-safety,LinkedIn ads
StudyGenius,AI learning assistant for students.,"Note generation, Quiz creation, Progress tracking",Snack lovers,automation,Email campaigns
FitTrack Wear,Smart fitness tracker for health monitoring.,"Heart rate, Sleep tracking, Water resistance",B2B sales teams,automation,LinkedIn ads
StudyGenius,AI learning assistant for students.,"Note generation, Quiz creation, Progress tracking",Health-conscious individuals,automation,YouTube reviews
FoodieBox,Subscription box delivering gourmet snacks monthly.,"Global snacks, Vegan options, Personalized picks",Students,health tracking,Instagram influencers
EcoClean Home,Eco-friendly cleaning spray for multipurpose use.,"Non-toxic, Biodegradable, Fresh scent",B2B sales teams,variety,LinkedIn ads
EcoClean Home,Eco-friendly cleaning spray for multipurpose use.,"Non-toxic, Biodegradable, Fresh scent",Students,automation,Instagram influencers
FitTrack Wear,Smart fitness tracker for health monitoring.,"Heart rate, Sleep tracking, Water resistance",Students,automation,Instagram influencers
FitTrack Wear,Smart fitness tracker for health monitoring.,"Heart rate, Sleep tracking, Water resistance",Students,health tracking,Campus promotions
EcoClean Home,Eco-friendly cleaning spray for multipurpose use.,"Non-toxic, Biodegradable, Fresh scent",Snack lovers,eco-safety,Email campaigns
FoodieBox,Subscription box delivering gourmet snacks monthly.,"Global snacks, Vegan options, Personalized picks",Eco-friendly families,AI personalization,YouTube reviews
SmartCRM Pro,AI-powered CRM software for sales teams.,"Lead tracking, Email automation, Pipeline analytics",B2B sales teams,health tracking,LinkedIn ads
EcoClean Home,Eco-friendly cleaning spray for multipurpose use.,"Non-toxic, Biodegradable, Fresh scent",Students,health tracking,Instagram influencers
SmartCRM Pro,AI-powered CRM software for sales teams.,"Lead tracking, Email automation, Pipeline analytics",Students,eco-safety,LinkedIn ads
FoodieBox,Subscription box delivering gourmet snacks monthly.,"Global snacks, Vegan options, Personalized picks",B2B sales teams,eco-safety,Instagram influencers
FoodieBox,Subscription box delivering gourmet snacks monthly.,"Global snacks, Vegan options, Personalized picks",Eco-friendly families,automation,Campus promotions
FoodieBox,Subscription box delivering gourmet snacks monthly.,"Global snacks, Vegan options, Personalized picks",B2B sales teams,eco-safety,Campus promotions
FoodieBox,Subscription box delivering gourmet snacks monthly.,"Global snacks, Vegan options, Personalized picks",Students,AI personalization,YouTube reviews
SmartCRM Pro,AI-powered CRM software for sales teams.,"Lead tracking, Email automation, Pipeline analytics",Students,health tracking,YouTube reviews
FitTrack Wear,Smart fitness tracker for health monitoring.,"Heart rate, Sleep tracking, Water resistance",Students,health tracking,Email campaigns
EcoClean Home,Eco-friendly cleaning spray for multipurpose use.,"Non-toxic, Biodegradable, Fresh scent",Eco-friendly families,AI personalization,Campus promotions
SmartCRM Pro,AI-powered CRM software for sales teams.,"Lead tracking, Email automation, Pipeline analytics",Snack lovers,variety,Campus promotions
FitTrack Wear,Smart fitness tracker for health monitoring.,"Heart rate, Sleep tracking, Water resistance",B2B sales teams,AI personalization,YouTube reviews
FoodieBox,Subscription box delivering gourmet snacks monthly.,"Global snacks, Vegan options, Personalized picks",Eco-friendly families,AI personalization,YouTube reviews
SmartCRM Pro,AI-powered CRM software for sales teams.,"Lead tracking, Email automation, Pipeline analytics",Students,variety,Email campaigns
StudyGenius,AI learning assistant for students.,"Note generation, Quiz creation, Progress tracking",Eco-friendly families,automation,YouTube reviews
FoodieBox,Subscription box delivering gourmet snacks monthly.,"Global snacks, Vegan options, Personalized picks",Snack lovers,automation,Campus promotions
StudyGenius,AI learning assistant for students.,"Note generation, Quiz creation, Progress tracking",Eco-friendly families,AI personalization,Instagram influencers
EcoClean Home,Eco-friendly cleaning spray for multipurpose use.,"Non-toxic, Biodegradable, Fresh scent",Students,AI personalization,LinkedIn ads
FitTrack Wear,Smart fitness tracker for health monitoring.,"Heart rate, Sleep tracking, Water resistance",B2B sales teams,eco-safety,Campus promotions
FitTrack Wear,Smart fitness tracker for health monitoring.,"Heart rate, Sleep tracking, Water resistance",Health-conscious individuals,automation,Campus promotions
SmartCRM Pro,AI-powered CRM software for sales teams.,"Lead tracking, Email automation, Pipeline analytics",Eco-friendly families,health tracking,Email campaigns
FitTrack Wear,Smart fitness tracker for health monitoring.,"Heart rate, Sleep tracking, Water resistance",Health-conscious individuals,AI personalization,Campus promotions
FoodieBox,Subscription box delivering gourmet snacks monthly.,"Global snacks, Vegan options, Personalized picks",Health-conscious individuals,health tracking,Instagram influencers
StudyGenius,AI learning assistant for students.,"Note generation, Quiz creation, Progress tracking",Snack lovers,AI personalization,YouTube reviews
StudyGenius,AI learning assistant for students.,"Note generation, Quiz creation, Progress tracking",Health-conscious individuals,automation,Email campaigns
FitTrack Wear,Smart fitness tracker for health monitoring.,"Heart rate, Sleep tracking, Water resistance",Students,health tracking,Email campaigns
EcoClean Home,Eco-friendly cleaning spray for multipurpose use.,"Non-toxic, Biodegradable, Fresh scent",B2B sales teams,eco-safety,LinkedIn ads
SmartCRM Pro,AI-powered CRM software for sales teams.,"Lead tracking, Email automation, Pipeline analytics",Health-conscious individuals,automation,YouTube reviews
StudyGenius,AI learning assistant for students.,"Note generation, Quiz creation, Progress tracking",Snack lovers,AI personalization,Campus promotions
FitTrack Wear,Smart fitness tracker for health monitoring.,"Heart rate, Sleep tracking, Water resistance",Health-conscious individuals,health tracking,Instagram influencers
SmartCRM Pro,AI-powered CRM software for sales teams.,"Lead tracking, Email automation, Pipeline analytics",Snack lovers,eco-safety,Instagram influencers
FitTrack Wear,Smart fitness tracker for health monitoring.,"Heart rate, Sleep tracking, Water resistance",Health-conscious individuals,health tracking,YouTube reviews
FitTrack Wear,Smart fitness tracker for health monitoring.,"Heart rate, Sleep tracking, Water resistance",Eco-friendly families,automation,YouTube reviews
StudyGenius,AI learning assistant for students.,"Note generation, Quiz creation, Progress tracking",B2B sales teams,variety,Instagram influencers
StudyGenius,AI learning assistant for students.,"Note generation, Quiz creation, Progress tracking",Snack lovers,variety,Campus promotions
StudyGenius,AI learning assistant for students.,"Note generation, Quiz creation, Progress tracking",Eco-friendly families,eco-safety,Email campaigns
StudyGenius,AI learning assistant for students.,"Note generation, Quiz creation, Progress tracking",Snack lovers,automation,YouTube reviews
SmartCRM Pro,AI-powered CRM software for sales teams.,"Lead tracking, Email automation, Pipeline analytics",Health-conscious individuals,variety,LinkedIn ads
StudyGenius,AI learning assistant for students.,"Note generation, Quiz creation, Progress tracking",Eco-friendly families,automation,Email campaigns
SmartCRM Pro,AI-powered CRM software for sales teams.,"Lead tracking, Email automation, Pipeline analytics",Eco-friendly families,variety,Email campaigns
FitTrack Wear,Smart fitness tracker for health monitoring.,"Heart rate, Sleep tracking, Water resistance",Health-conscious individuals,AI personalization,LinkedIn ads
EcoClean Home,Eco-friendly cleaning spray for multipurpose use.,"Non-toxic, Biodegradable, Fresh scent",Snack lovers,health tracking,Campus promotions
FitTrack Wear,Smart fitness tracker for health monitoring.,"Heart rate, Sleep tracking, Water resistance",Health-conscious individuals,health tracking,YouTube reviews
EcoClean Home,Eco-friendly cleaning spray for multipurpose use.,"Non-toxic, Biodegradable, Fresh scent",Eco-friendly families,health tracking,Email campaigns
FitTrack Wear,Smart fitness tracker for health monitoring.,"Heart rate, Sleep tracking, Water resistance",Snack lovers,variety,Instagram influencers
StudyGenius,AI learning assistant for students.,"Note generation, Quiz creation, Progress tracking",B2B sales teams,health tracking,LinkedIn ads
SmartCRM Pro,AI-powered CRM software for sales teams.,"Lead tracking, Email automation, Pipeline analytics",Eco-friendly families,eco-safety,Instagram influencers
SmartCRM Pro,AI-powered CRM software for sales teams.,"Lead tracking, Email automation, Pipeline analytics",Eco-friendly families,eco-safety,LinkedIn ads
StudyGenius,AI learning assistant for students.,"Note generation, Quiz creation, Progress tracking",Health-conscious individuals,AI personalization,Campus promotions
StudyGenius,AI learning assistant for students.,"Note generation, Quiz creation, Progress tracking",Students,AI personalization,YouTube reviews
EcoClean Home,Eco-friendly cleaning spray for multipurpose use.,"Non-toxic, Biodegradable, Fresh scent",B2B sales teams,eco-safety,Campus promotions
EcoClean Home,Eco-friendly cleaning spray for multipurpose use.,"Non-toxic, Biodegradable, Fresh scent",Eco-friendly families,variety,LinkedIn ads
StudyGenius,AI learning assistant for students.,"Note generation, Quiz creation, Progress tracking",Eco-friendly families,AI personalization,Campus promotions
FitTrack Wear,Smart fitness tracker for health monitoring.,"Heart rate, Sleep tracking, Water resistance",Health-conscious individuals,automation,YouTube reviews
StudyGenius,AI learning assistant for students.,"Note generation, Quiz creation, Progress tracking",Eco-friendly families,automation,Campus promotions
SmartCRM Pro,AI-powered CRM software for sales teams.,"Lead tracking, Email automation, Pipeline analytics",Eco-friendly families,eco-safety,Instagram influencers
EcoClean Home,Eco-friendly cleaning spray for multipurpose use.,"Non-toxic, Biodegradable, Fresh scent",Students,health tracking,YouTube reviews
FitTrack Wear,Smart fitness tracker for health monitoring.,"Heart rate, Sleep tracking, Water resistance",B2B sales teams,variety,Instagram influencers
EcoClean Home,Eco-friendly cleaning spray for multipurpose use.,"Non-toxic, Biodegradable, Fresh scent",Students,eco-safety,Email campaigns
SmartCRM Pro,AI-powered CRM software for sales teams.,"Lead tracking, Email automation, Pipeline analytics",B2B sales teams,AI personalization,YouTube reviews
FoodieBox,Subscription box delivering gourmet snacks monthly.,"Global snacks, Vegan options, Personalized picks",Health-conscious individuals,automation,Instagram influencers
StudyGenius,AI learning assistant for students.,"Note generation, Quiz creation, Progress tracking",Health-conscious individuals,variety,YouTube reviews
FoodieBox,Subscription box delivering gourmet snacks monthly.,"Global snacks, Vegan options, Personalized picks",B2B sales teams,automation,YouTube reviews
FitTrack Wear,Smart fitness tracker for health monitoring.,"Heart rate, Sleep tracking, Water resistance",Eco-friendly families,health tracking,YouTube reviews
FoodieBox,Subscription box delivering gourmet snacks monthly.,"Global snacks, Vegan options, Personalized picks",Snack lovers,automation,LinkedIn ads
EcoClean Home,Eco-friendly cleaning spray for multipurpose use.,"Non-toxic, Biodegradable, Fresh scent",Eco-friendly families,AI personalization,Campus promotions
FoodieBox,Subscription box delivering gourmet snacks monthly.,"Global snacks, Vegan options, Personalized picks",Eco-friendly families,variety,LinkedIn ads
EcoClean Home,Eco-friendly cleaning spray for multipurpose use.,"Non-toxic, Biodegradable, Fresh scent",Eco-friendly families,automation,Email campaigns
EcoClean Home,Eco-friendly cleaning spray for multipurpose use.,"Non-toxic, Biodegradable, Fresh scent",Snack lovers,AI personalization,LinkedIn ads
FitTrack Wear,Smart fitness tracker for health monitoring.,"Heart rate, Sleep tracking, Water resistance",Health-conscious individuals,eco-safety,LinkedIn ads
FoodieBox,Subscription box delivering gourmet snacks monthly.,"Global snacks, Vegan options, Personalized picks",Students,variety,Instagram influencers
SmartCRM Pro,AI-powered CRM software for sales teams.,"Lead tracking, Email automation, Pipeline analytics",B2B sales teams,variety,Campus promotions
FoodieBox,Subscription box delivering gourmet snacks monthly.,"Global snacks, Vegan options, Personalized picks",Health-conscious individuals,eco-safety,Instagram influencers
FitTrack Wear,Smart fitness tracker for health monitoring.,"Heart rate, Sleep tracking, Water resistance",B2B sales teams,variety,YouTube reviews
StudyGenius,AI learning assistant for students.,"Note generation, Quiz creation, Progress tracking",B2B sales teams,health tracking,Campus promotions
StudyGenius,AI learning assistant for students.,"Note generation, Quiz creation, Progress tracking",Eco-friendly families,AI personalization,YouTube reviews
FitTrack Wear,Smart fitness tracker for health monitoring.,"Heart rate, Sleep tracking, Water resistance",Students,eco-safety,Instagram influencers
StudyGenius,AI learning assistant for students.,"Note generation, Quiz creation, Progress tracking",Health-conscious individuals,AI personalization,Email campaigns
FoodieBox,Subscription box delivering gourmet snacks monthly.,"Global snacks, Vegan options, Personalized picks",Students,eco-safety,Email campaigns
FitTrack Wear,Smart fitness tracker for health monitoring.,"Heart rate, Sleep tracking, Water resistance",Snack lovers,health tracking,Campus promotions
FitTrack Wear,Smart fitness tracker for health monitoring.,"Heart rate, Sleep tracking, Water resistance",Snack lovers,health tracking,LinkedIn ads
StudyGenius,AI learning assistant for students.,"Note generation, Quiz creation, Progress tracking",Students,AI personalization,LinkedIn ads
FitTrack Wear,Smart fitness tracker for health monitoring.,"Heart rate, Sleep tracking, Water resistance",Snack lovers,automation,YouTube reviews
SmartCRM Pro,AI-powered CRM software for sales teams.,"Lead tracking, Email automation, Pipeline analytics",Health-conscious individuals,variety,YouTube reviews
FoodieBox,Subscription box delivering gourmet snacks monthly.,"Global snacks, Vegan options, Personalized picks",Snack lovers,variety,Campus promotions
StudyGenius,AI learning assistant for students.,"Note generation, Quiz creation, Progress tracking",B2B sales teams,eco-safety,Email campaigns
StudyGenius,AI learning assistant for students.,"Note generation, Quiz creation, Progress tracking",B2B sales teams,health tracking,Campus promotions
FoodieBox,Subscription box delivering gourmet snacks monthly.,"Global snacks, Vegan options, Personalized picks",Students,health tracking,Email campaigns
EcoClean Home,Eco-friendly cleaning spray for multipurpose use.,"Non-toxic, Biodegradable, Fresh scent",Eco-friendly families,variety,YouTube reviews
StudyGenius,AI learning assistant for students.,"Note generation, Quiz creation, Progress tracking",Students,variety,Email campaigns
FitTrack Wear,Smart fitness tracker for health monitoring.,"Heart rate, Sleep tracking, Water resistance",Eco-friendly families,automation,Instagram influencers
EcoClean Home,Eco-friendly cleaning spray for multipurpose use.,"Non-toxic, Biodegradable, Fresh scent",Eco-friendly families,variety,Instagram influencers
FitTrack Wear,Smart fitness tracker for health monitoring.,"Heart rate, Sleep tracking, Water resistance",Eco-friendly families,eco-safety,Email campaigns
FitTrack Wear,Smart fitness tracker for health monitoring.,"Heart rate, Sleep tracking, Water resistance",Eco-friendly families,variety,LinkedIn ads
FitTrack Wear,Smart fitness tracker for health monitoring.,"Heart rate, Sleep tracking, Water resistance",Eco-friendly families,AI personalization,YouTube reviews
EcoClean Home,Eco-friendly cleaning spray for multipurpose use.,"Non-toxic, Biodegradable, Fresh scent",Students,variety,Campus promotions
SmartCRM Pro,AI-powered CRM software for sales teams.,"Lead tracking, Email automation, Pipeline analytics",Health-conscious individuals,eco-safety,Instagram influencers
FitTrack Wear,Smart fitness tracker for health monitoring.,"Heart rate, Sleep tracking, Water resistance",Health-conscious individuals,AI personalization,LinkedIn ads
SmartCRM Pro,AI-powered CRM software for sales teams.,"Lead tracking, Email automation, Pipeline analytics",B2B sales teams,AI personalization,LinkedIn ads
EcoClean Home,Eco-friendly cleaning spray for multipurpose use.,"Non-toxic, Biodegradable, Fresh scent",Snack lovers,AI personalization,LinkedIn ads
FoodieBox,Subscription box delivering gourmet snacks monthly.,"Global snacks, Vegan options, Personalized picks",Health-conscious individuals,eco-safety,LinkedIn ads
FitTrack Wear,Smart fitness tracker for health monitoring.,"Heart rate, Sleep tracking, Water resistance",Eco-friendly families,health tracking,Email campaigns
StudyGenius,AI learning assistant for students.,"Note generation, Quiz creation, Progress tracking",Eco-friendly families,automation,Email campaigns
EcoClean Home,Eco-friendly cleaning spray for multipurpose use.,"Non-toxic, Biodegradable, Fresh scent",Health-conscious individuals,health tracking,LinkedIn ads
FitTrack Wear,Smart fitness tracker for health monitoring.,"Heart rate, Sleep tracking, Water resistance",Eco-friendly families,AI personalization,Email campaigns
FitTrack Wear,Smart fitness tracker for health monitoring.,"Heart rate, Sleep tracking, Water resistance",Eco-friendly families,variety,Email campaigns
FoodieBox,Subscription box delivering gourmet snacks monthly.,"Global snacks, Vegan options, Personalized picks",Health-conscious individuals,eco-safety,Instagram influencers
EcoClean Home,Eco-friendly cleaning spray for multipurpose use.,"Non-toxic, Biodegradable, Fresh scent",Students,variety,YouTube reviews
FoodieBox,Subscription box delivering gourmet snacks monthly.,"Global snacks, Vegan options, Personalized picks",Snack lovers,eco-safety,Campus promotions
FitTrack Wear,Smart fitness tracker for health monitoring.,"Heart rate, Sleep tracking, Water resistance",Snack lovers,variety,Email campaigns
SmartCRM Pro,AI-powered CRM software for sales teams.,"Lead tracking, Email automation, Pipeline analytics",Snack lovers,AI personalization,Instagram influencers
EcoClean Home,Eco-friendly cleaning spray for multipurpose use.,"Non-toxic, Biodegradable, Fresh scent",Health-conscious individuals,AI personalization,Instagram influencers
SmartCRM Pro,AI-powered CRM software for sales teams.,"Lead tracking, Email automation, Pipeline analytics",B2B sales teams,AI personalization,LinkedIn ads
StudyGenius,AI learning assistant for students.,"Note generation, Quiz creation, Progress tracking",B2B sales teams,variety,Instagram influencers
